year,party_id,party,eu_position,eu_blur,lrgen,galtan,lrecon,redistribution
1999,113,MCC,6.428571224212646,NA,5.571428775787354,5.800000190734863,5.800000190734863,NA
1999,114,ID21,4.625,NA,5.142857074737549,4,5.142857074737549,NA
2010,117,LDD,3.5,NA,8.428571701049805,5.066666603088379,8.866666793823242,8.399999618530273
2010,118,Spirit,5.25,NA,2.769230842590332,1.909090995788574,2.384615421295166,2.428571462631226
2010,115,FN,2.615384578704834,NA,9.214285850524902,9.666666984558104,8.454545021057129,6.599999904632568
2014,111,FDF,6.400000095367432,NA,5.599999904632568,4,5.599999904632568,5
2014,120,PP,2.5,NA,7.75,7.5,8.5,6.5
2019,119,PVDA-PTB,2.727272748947144,1.5,0.3333333432674408,4.583333492279053,0.3333333432674408,0.3333333432674408
2019,110,VU/NVA,4.25,4,7.916666507720947,6.090909004211426,7.916666507720947,7
2019,105,AGALEV,6.583333492279053,1.2857143,2.416666746139526,1.166666626930237,2.666666746139526,2.25
2019,112,VB,2.25,3,9.583333015441896,8,5,4.416666507720947
2019,107,VLD/PVV,6.833333492279053,1.2857143,6.583333492279053,2.454545497894287,7.166666507720947,6
2019,103,SP/SPA,6,1.7142857,3.083333253860474,2.75,3.083333253860474,2
2019,104,ECOLO,6.583333492279053,1.4285715,2.083333253860474,1.083333373069763,2.5,1.916666626930237
2019,102,PS,6.083333492279053,2.1666667,2.083333253860474,2.916666746139526,2.25,1.583333373069763
2019,106,PRL/MR,6.5,1.7142857,6.5,3.181818246841431,6.916666507720947,5.833333492279053
2019,109,CDV,6.583333492279053,1.8571428,5.583333492279053,6.25,5.583333492279053,5
2019,108,PSC/CDH,6.416666507720947,2.1428571,4.583333492279053,5,4.666666507720947,3.916666746139526
1999,204,CD,7,NA,5.571428775787354,6.199999809265137,5.285714149475098,NA
1999,212,FP,1.428571462631226,NA,9.285714149475098,7.599999904632568,8.857142448425293,NA
1999,210,KRF,4.714285850524902,NA,5.428571224212646,5.400000095367432,5.714285850524902,NA
2006,216,JuniB,1.22,NA,3.17,4.75,2.83,3.5
2014,217,FolkB,1.090909123420715,NA,2,2.75,1.333333373069763,2
2019,218,LA,4.071428775787354,5,8,3.857142925262451,8.714285850524902,9.071428298950195
2019,220,NB,1.785714268684387,1.75,9,8.307692527770996,8.571428298950195,8.785714149475098
2019,215,DF,2,1.75,6.928571224212646,8,4.428571224212646,4.357142925262451
2019,219,A,5.384615421295166,3.5,2.5,0.9285714030265808,3.214285612106323,2.846153736114502
2019,203,KF,5.714285850524902,3.25,7.071428775787354,6.071428775787354,7.571428775787354,7.214285850524902
2019,206,SF,5.142857074737549,3.75,2.642857074737549,2.571428537368774,2.5,2.071428537368774
2019,202,RV,6.928571224212646,1.75,5.071428775787354,1.357142806053162,5.642857074737549,5.142857074737549
2019,211,v,5.785714149475098,3.75,6.642857074737549,5.357142925262451,6.857142925262451,6.5
2019,213,EL,2.428571462631226,1.75,1,1.071428537368774,1,0.6428571343421936
2019,201,SD,5.071428775787354,5.25,4,5,3.714285612106323,3.142857074737549
1999,305,REP,1.75,NA,9.214285850524902,9.416666984558104,7.222222328186035,NA
2014,309,NPD,1.666666626930237,NA,10,9.818181991577148,5.333333492279053,5.599999904632568
2019,311,Piraten,6.5,4,2.142857074737549,1.333333373069763,2.400000095367432,2.5
2019,301,CDU,6.285714149475098,3.5555556,5.857142925262451,5.857142925262451,5.904761791229248,5.947368621826172
2019,308,CSU,5.684210300445557,4,7.190476417541504,7.285714149475098,6.38095235824585,6.315789699554443
2019,306,LINKE,4.714285850524902,4.6666665,1.428571462631226,2.809523820877075,1.285714268684387,0.8947368264198303
2019,310,AfD,1.904761910438538,3,9.2380952835083,9.523809432983398,7,6
2019,304,GRUNEN,6.761904716491699,1.8888888,3.238095283508301,1.095238089561462,3.809523820877075,3.421052694320679
2019,302,SPD,6.523809432983398,2.7777777,3.61904764175415,3.38095235824585,3.714285612106323,3.052631616592407
2019,312,DieTier,5,NA,2.333333253860474,1.5,3,NA
2019,303,FDP,5.761904716491699,4.1111112,6.428571224212646,3.428571462631226,7.904761791229248,8.578947067260742
1999,408,POLA,5.428571224212646,NA,7.571428775787354,7,6.714285850524902,NA
2010,411,OP,5.571428775787354,NA,2.25,0.625,2.625,1.625
2010,409,DIKKI,1.799999952316284,NA,5,6.666666507720947,2.599999904632568,0.6000000238418579
2014,410,LAOS,3.25,NA,8.666666984558105,8.333333015441895,5.333333492279053,5.5
2014,414,DIMAR,5.777777671813965,NA,3.222222328186035,2.555555582046509,3.444444417953491,2.444444417953491
2014,413,Potami,6,NA,4.888888835906982,2.111111164093018,5.666666507720947,4
2014,412,ANEL,2.222222328186035,NA,8.777777671813965,8.55555534362793,5.111111164093018,5.166666507720947
2019,417,MR25,4.625,7,1.428571462631226,0.6666666865348816,1.75,1
2019,402,ND,6.888888835906982,2.6666667,7.111111164093018,7.44444465637207,7.222222328186035,7.333333492279053
2019,418,KIDISO,6.199999809265137,1,4.199999809265137,3.200000047683716,4.800000190734863,3.599999904632568
2019,401,PASOK,6.888888835906982,1.6666666,4.333333492279053,3.888888835906982,4.222222328186035,3.777777671813965
2019,416,EL,2.125,7.3333335,9,9.375,4.375,3.571428537368774
2019,403,SYRIZA,5,5.6666665,2.333333253860474,2.444444417953491,2.222222328186035,1.333333373069763
2019,415,XA,1.222222208976746,2.6666667,10,10,3.375,2.75
2019,404,KKE,1.111111164093018,0,0.2222222238779068,6.625,0.1111111119389534,0.1111111119389534
1999,519,PSC,6.5,NA,4.208333492279053,3.708333253860474,4.227272510528564,NA
1999,508,EH,2.900000095367432,NA,1.272727251052856,4.388888835906982,1.799999952316284,NA
1999,514,VERDE,5.875,NA,2.888888835906982,1.888888835906982,2.375,NA
1999,510,PAR,6.099999904632568,NA,6.181818008422852,5.958333492279053,6.272727489471436,NA
1999,512,UV,6.222222328186035,NA,6.041666507720947,5.875,5.727272510528564,NA
2002,516,PA,6.3,NA,5.2,4.43,4.86,NA
2010,522,EdP-V,5.5,NA,2.857142925262451,2.166666746139526,3,3
2010,521,CpE,5,NA,5.400000095367432,5.400000095367432,5.400000095367432,5.5
2010,520,CHA,5,NA,2.900000095367432,2,2.555555582046509,2
2014,507,EA,6.375,NA,4.333333492279053,4.5,4.125,4.777777671813965
2014,505,CiU,6.300000190734863,NA,6.199999809265137,6.199999809265137,7,6.5
2014,523,UPyD,6.666666507720947,NA,5.666666507720947,3.111111164093018,6,4.666666507720947
2014,518,ICV,4.800000190734863,NA,2.111111164093018,0.8888888955116272,2,1.600000023841858
2019,506,PNV,6.400000095367432,1.6666666,6,5.666666507720947,5.800000190734863,5.333333492279053
2019,502,PPP,6.466666698455811,2.8333333,8.066666603088379,8,7.933333396911621,7.266666889190674
2019,528,Pais,5.866666793823242,2,2.733333349227905,1.666666626930237,2.799999952316284,2.333333253860474
2019,524,EHB,4.5,3.8333333,1.285714268684387,1.75,1.466666698455811,1.916666626930237
2019,504,IU,5.285714149475098,3.1666667,1.866666674613953,2.200000047683716,1.799999952316284,1.399999976158142
2019,526,Cs,6.733333110809326,2.8333333,7.199999809265137,5.466666698455811,7.400000095367432,6.533333301544189
2019,513,BNG,5.545454502105713,3.5,3.142857074737549,3.083333253860474,2.923076868057251,2.916666746139526
2019,501,PSOE,6.800000190734863,2.3333333,3.599999904632568,2.933333396911621,3.799999952316284,2.799999952316284
2019,525,Podemos,5.266666889190674,4,1.933333277702332,1.333333373069763,2.133333444595337,1.666666626930237
2019,517,CC,6.384615421295166,2,6.714285850524902,6.307692527770996,6.357142925262451,5.75
2019,550,PdeCat,5.133333206176758,3.3333333,6.666666507720947,5.866666793823242,6.866666793823242,6.214285850524902
2019,527,Vox,3.266666650772095,4.1666665,9.714285850524902,9.666666984558104,9.333333015441896,8.333333015441895
2019,511,ERC,5.533333301544189,2.5,3.200000047683716,2.866666555404663,3.400000095367432,3
1999,619,CPNT,2.333333253860474,NA,7.800000190734863,7.875,7.25,NA
1999,614,LO-LCR,1.285714268684387,NA,0.1428571492433548,6,0.2142857164144516,NA
1999,620,MN,1.333333373069763,NA,8.278571128845215,9.714285850524902,8.571428298950195,NA
1999,617,MEI,4,NA,4,3,5,NA
1999,618,D,4.5,NA,7.658333301544189,9,9,NA
2002,615,DL,5.92,NA,7.07,5.92,8.17,NA
2014,622,PRV,6,NA,6.142857074737549,5.857142925262451,6.5,6
2014,621,NC,6.181818008422852,NA,6.272727489471436,6.222222328186035,6.888888835906982,6.428571224212646
2014,624,PG,2.083333253860474,NA,1.700000047683716,2.400000095367432,1.111111164093018,0.699999988079071
2014,612,MPF,1.230769276618958,NA,9.100000381469728,8.909090995788574,8,7.142857074737549
2014,625,Ensemble,3.25,NA,2.5,3.5,2.333333253860474,2
2014,623,AC,6.599999904632568,NA,6.599999904632568,6.166666507720947,6.800000190734863,6
2014,603,PRG,5.846153736114502,NA,3.818181753158569,3.416666746139526,3.75,2.777777671813965
2019,613,MoDem,6.714285850524902,2.6666667,6.125,4.5,6.25,5.857142925262451
2019,601,PCF,3,4,1.125,3.75,1.125,0.5
2019,627,FI,2.875,4.75,1.25,3.125,0.875,0.625
2019,610,RN,1.375,2.5,9.75,8.125,6.875,4
2019,602,PS,6.125,4.25,3,2.75,3.125,2.25
2019,605,EELV,6.375,1.75,2.5,1.625,2.875,2.375
2019,626,LREM,6.833333492279053,1,6.333333492279053,3.166666746139526,6.333333492279053,5.833333492279053
2019,628,DLF,1.428571462631226,2.5,9,8.285714149475098,7,6.400000095367432
2019,609,LR,5.5,4,7.875,6.875,8.125,7.375
2006,706,PD,5.7,NA,8.1,4.11,8.5,7.329999923706055
2014,708,SP,2.222222328186035,NA,0.875,1.857142806053162,0.5,0.8571428656578064
2019,710,DS,5,3,3,2.833333253860474,2.333333253860474,2.833333253860474
2019,701,FF,6.142857074737549,3.5,5.428571224212646,5.714285850524902,5.428571224212646,4.857142925262451
2019,703,Lab,6.142857074737549,2.75,3.571428537368774,2.857142925262451,3.571428537368774,3.285714387893677
2019,711,I4C,3.666666746139526,4.6666665,3.25,3,2.75,3.75
2019,712,RI,3.200000047683716,9,8,7.800000190734863,7.599999904632568,7.75
2019,707,SF,3.714285612106323,5.5,2.571428537368774,4.428571224212646,2.142857074737549,2.285714387893677
2019,705,GP,5.857142925262451,3.75,3.142857074737549,2.142857074737549,3.142857074737549,3
2019,709,S-PBP,2,2.6666667,0.800000011920929,2,0.4000000059604645,1
2019,702,FG,6.285714149475098,2.5,5.857142925262451,4.285714149475098,6.428571224212646,5.857142925262451
1999,806,PRI,5.833333492279053,NA,5,5.166666507720947,5.800000190734863,NA
1999,821,MS,2.166666746139526,NA,9.666666984558104,9.600000381469728,5.166666507720947,NA
1999,817,UD,5,NA,5,5,5,NA
1999,822,PdUP,4.5,NA,2.16666674613953,3,1,NA
1999,824,PsDA,5.25,NA,4.199999809265137,6.25,3.666666746139526,NA
1999,820,LB,6.166666507720947,NA,4.599999904632568,0.6000000238418579,8.199999809265137,NA
1999,826,SEG,6,NA,6,4.599999904632568,6.400000095367432,NA
2002,825,RI,5.92,NA,5.23,5.83,5.77,NA
2002,818,CDU,6.23,NA,6,7.85,5.29,NA
2002,823,PPI,6.46,NA,4.42,5.38,4.21,NA
2006,835,NPSI,5.33,NA,5.43,3.57,5.67,5.199999809265137
2006,829,UDEUR,6.29,NA,5,7.75,4.29,3.670000076293945
2006,830,PP,4.6,NA,5.75,8,4.5,3.75
2006,807,SDI,6.43,NA,3.86,1.38,3.83,3
2006,819,DL,7,NA,4,5.13,4.43,3.329999923706055
2006,802,DS,6.88,NA,2.71,2.88,3,2.170000076293945
2006,832,MRE,7,NA,4.33,3.83,4.75,4.5
2010,808,VERDI,5.857142925262451,NA,1.75,0.75,2,2
2010,839,PSI,5.75,NA,4.142857074737549,1.5,3.333333492279053,2.75
2010,842,SD,5.75,NA,2.142857074737549,1.142857193946838,1.857142806053162,1
2010,836,PdCI,3.75,NA,0.7999999523162842,1.285714387893677,1,0.7142857313156128
2010,840,MpA,4.666666507720947,NA,6.285714149475098,6.833333492279053,4.5,3.25
2010,805,AN,5.75,NA,7.333333015441895,7.333333015441895,5.222222328186035,4.875
2010,828,IdV,6.142857074737549,NA,4,3.5,4.714285850524902,3.75
2014,814,UDC,6.142857074737549,NA,5.285714149475098,7.857142925262451,5.285714149475098,6
2014,846,SC,6.857142925262451,NA,5.428571224212646,5.428571224212646,7.571428775787354,6.75
2014,847,VdA,5.333333492279053,NA,4.833333492279053,6,4.5,2
2014,843,CD,5.800000190734863,NA,5,6.285714149475098,5,5
2014,803,RC,2,NA,0.2857142984867096,1,0.1428571492433548,0.25
2014,848,NCD,5.714285850524902,NA,6.142857074737549,8,6,7
2019,813,RI,6.75,1.1666666,4.3125,0.4117647111415863,6.599999904632568,5.714285850524902
2019,845,M5S,3.473684310913086,6.25,4.777777671813965,3.736842155456543,3.21052622795105,1.894736886024475
2019,838,SI,5.266666889190674,3.8571429,1.444444417953491,0.6875,1,1
2019,844,FdI,1.947368383407593,1.5,9.052631378173828,9.421052932739258,6.388888835906982,5.529411792755127
2019,837,PD,6.789473533630371,1.8571428,3.21052622795105,2.263157844543457,3.578947305679321,2.722222328186035
2019,811,LN,1.684210538864136,3.125,8.789473533630371,9.210526466369627,7.684210300445557,7.315789699554443
2019,827,SVP,5.900000095367432,2,5.166666507720947,6.666666507720947,5.125,5.199999809265137
2019,815,FI,4.894736766815186,5,6.947368621826172,6.842105388641357,7.842105388641357,6.888888835906982
1999,1007,GPV,3.181818246841431,NA,6.699999809265137,8.636363983154297,5.800000190734863,NA
1999,1009,CD,1.444444417953491,NA,9.375,9.25,8.571428298950195,NA
1999,1008,RPF,3.363636255264282,NA,6.800000190734863,8.545454978942871,6,NA
2002,1015,LPF,2.78,NA,8.375,5.44,8.11,NA
2019,1002,PvdA,5.916666507720947,3.875,3.615384578704834,3.076923131942749,3.615384578704834,2.833333253860474
2019,1051,FvD,1.076923131942749,3.1111112,9.538461685180664,8.333333015441895,9.083333015441896,8.666666984558105
2019,1017,PVV,1.307692289352417,1.4444444,8.692307472229004,7.230769157409668,6.461538314819336,5.833333492279053
2019,1005,GL,6.461538314819336,1.8888888,2.307692289352417,0.8461538553237915,2.384615421295166,2.181818246841431
2019,1016,CU,4,2.2857144,5.07692289352417,8.15384578704834,4.307692527770996,4.181818008422852
2019,1004,D66,6.92307710647583,1.3333334,5.153846263885498,1.384615421295166,6.230769157409668,5.75
2019,1001,CDA,5.333333492279053,4.75,6.846153736114502,7.153846263885498,6.692307472229004,6
2019,1018,PVdD,2.636363744735718,2.1666667,2.384615421295166,2.923076868057251,3.181818246841431,3.111111164093018
2019,1014,SP,2.833333253860474,3.25,1.384615421295166,4.307692527770996,1.384615421295166,0.75
2019,1003,VVD,5.083333492279053,6,7.615384578704834,5,8.15384578704834,8.25
2019,1006,SGP,2.916666746139526,2.7142856,8.538461685180664,9.923076629638672,7.166666507720947,7.166666507720947
2019,1020,50PLUS,3.857142925262451,4.3333335,5.083333492279053,5.599999904632568,4.454545497894287,4.400000095367432
2019,1050,DENK,4.666666507720947,2.6666667,4.363636493682861,7.545454502105713,3.5,3.125
2010,1109,BNP,1.200000047683716,NA,9.928571701049805,9.533333778381348,5.846153736114502,3.666666746139526
2019,1105,SNP,6.5625,1,3.5,2.666666746139526,3.4375,3.125
2019,1107,GREEN,6.705882549285889,1.2857143,2,0.8125,2.117647171020508,1.875
2019,1108,UKIP,1,0,8.6875,8.199999809265137,7.733333110809326,7.066666603088379
2019,1104,LIBDEM,6.764705657958984,0.44444445,4.235294342041016,1.529411792755127,4.470588207244873,3.470588207244873
2019,1110,BREXIT,1.875,3,8.199999809265137,8.615385055541992,6.888888835906982,6.375
2019,1102,LAB,4,7.25,1.941176414489746,2.29411768913269,1.941176414489746,1.588235259056091
2019,1106,PLAID,6.230769157409668,1.6,3.090909004211426,3,3.363636255264282,3.090909004211426
2019,1101,CONS,1.529411792755127,1.5555556,7.117647171020508,6.176470756530762,7.058823585510254,6.647058963775635
2014,1209,MPT,3.400000095367432,NA,6.75,6.333333492279053,7,3
2019,1210,PCP,2.75,3,0.875,5.125,0.75,0.8571428656578064
2019,1205,PS,6.75,1.75,4.125,4.375,4,3.857142925262451
2019,1201,CDU,2.375,4.5,0.875,5.125,0.625,0.8571428656578064
2019,1211,PEV,3,5,1.142857193946838,4.875,1.285714268684387,1.166666626930237
2019,1250,PAN,4.166666507720947,6.6666665,3.428571462631226,4,3.833333253860474,2.799999952316284
2019,1208,BE,3.75,4.75,0.875,1.75,1,1.428571462631226
2019,1202,CDS/PP,5.875,3.5,8.5,8.875,8.5,6.857142925262451
2019,1206,PSD,6.75,2,6.375,7,6.5,6.285714149475098
2010,1308,MARTIN,3.833333253860474,NA,4.777777671813965,5,3.714285850524902,4.199999809265137
2014,1307,BZO,2.700000047683716,NA,7.800000190734863,7.199999809265137,7.199999809265137,6.300000190734863
2014,1310,TeamStronach,2.900000095367432,NA,7.599999904632568,7.199999809265137,7.900000095367432,8.142857551574707
2019,1303,FPO,2.299999952316284,4.25,9.100000381469728,8.899999618530273,6.5,5.599999904632568
2019,1301,SPO,6.099999904632568,3.625,4,3.799999952316284,3.599999904632568,2.400000095367432
2019,1302,OVP,5,4.5,6.900000095367432,7.099999904632568,6.900000095367432,6.199999809265137
2019,1306,NEOS,6.699999809265137,1.5,5.900000095367432,2.299999952316284,7.099999904632568,6.900000095367432
2019,1304,Grune,6.5,1.625,2.5,1.399999976158142,2.5,2.5
1999,1413,KIPU,2.5,NA,4.75,3.75,4.5,NA
1999,1411,SEP/EKA,2.5,NA,6.333333492279053,7.75,5.666666507720947,NA
1999,1412,REM,4,NA,6.599999904632568,6.800000190734863,5.800000190734863,NA
2019,1404,VAS,5.071428775787354,2,1.5,1.5,1.571428537368774,1.071428537368774
2019,1403,KESK,4.857142925262451,3.5,5.857142925262451,6.714285850524902,6.071428775787354,4.928571224212646
2019,1406,SFP,6.428571224212646,3.5,6,2.714285612106323,6.214285850524902,4.714285850524902
2019,1402,KOK,6.428571224212646,4.5,7.714285850524902,5.071428775787354,7.857142925262451,6.857142925262451
2019,1401,SDP,5.928571224212646,4,3.142857074737549,3.285714387893677,3.214285612106323,1.714285731315613
2019,1408,VIHR,6.5,1.5,3.714285612106323,0.9285714030265808,4.142857074737549,2.857142925262451
2019,1405,PS,1.642857193946838,6.5,7.571428775787354,8.785714149475098,6.428571224212646,5.285714149475098
2019,1409,KD,3.928571462631226,2.5,6.857142925262451,8.785714149475098,5.714285850524902,4.785714149475098
1999,1608,NyD,5,NA,9,6,8,NA
2010,1609,JL,2.266666650772095,NA,5.272727489471436,4.199999809265137,5.222222328186035,5.400000095367432
2014,1611,PIRAT,3.714285612106323,NA,5,1.235294103622437,5.25,5.166666507720947
2014,1612,FI,3.157894849777222,NA,1.809523820877075,0.8095238208770752,1.714285731315613,1.375
2019,1603,C,6.058823585510254,2.9000001,6.823529243469238,2.235294103622437,8,6.75
2019,1605,M,6.058823585510254,3.4000001,7.705882549285889,5.941176414489746,7.705882549285889,7.1875
2019,1602,S/SAP,5.75,3.8,3.882352828979492,4.411764621734619,4.117647171020508,2.8125
2019,1610,SD,2.235294103622437,4.9000001,8.470588684082031,8.764705657958984,5.588235378265381,4.6875
2019,1601,V,3.176470518112183,4.8000002,1.70588231086731,1.941176414489746,1.764705896377563,0.5
2019,1607,MP,5.117647171020508,3.8,3.29411768913269,1.588235259056091,3.941176414489746,3
2019,1604,L,6.882352828979492,0.89999998,6.529411792755127,3.235294103622437,7.117647171020508,6.25
2019,1606,KD,5.823529243469238,3.7,7.823529243469238,7.058823585510254,7.235294342041016,6.3125
2002,2006,KSII,5.67,NA,6.86,6.33,6.29,NA
2010,2011,L,4,NA,6,8.199999809265137,4.428571224212646,4.5
2010,2012,RZS,4.222222328186035,NA,6.5,8,4.166666507720947,4.166666507720947
2010,2009,BNS,6,NA,6.142857074737549,6.142857074737549,5.625,5.5
2010,2001,NDSV,6.545454502105713,NA,5.818181991577148,4.199999809265137,6.181818008422852,6.888888835906982
2014,2002,SDS,6.647058963775635,NA,7.133333206176758,3.5,7.6875,7.647058963775635
2014,2016,ABV,5.647058963775635,NA,3.466666698455811,5.375,3.375,3.133333444595337
2014,2013,DBG,6.75,NA,6.133333206176758,3.588235378265381,6.533333301544189,6.599999904632568
2014,2015,BBT,4.533333301544189,NA,6.083333492279053,7.454545497894287,3.900000095367432,3
2019,2010,GERB,6.550000190734863,3.1111112,6.095238208770752,5.761904716491699,6.095238208770752,5.904761791229248
2019,2014,NFSB,3.947368383407593,3.875,7.349999904632568,8.899999618530273,5.473684310913086,5.400000095367432
2019,2008,DSB,6.823529243469238,0.77777779,7.449999809265137,4.684210300445557,7.949999809265137,6.599999904632568
2019,2004,DPS,6.25,3.3333333,4.714285850524902,6.142857074737549,4.952381134033203,4.599999904632568
2019,2003,BSP,5.099999904632568,5.7777777,3.25,7.142857074737549,3,3
2019,2017,Volya,3.5,5.125,5.55555534362793,8.526315689086914,5.375,5.176470756530762
2019,2019,Slavi Trifonov,4.375,7,5.666666507720947,6.44444465637207,4.333333492279053,3.5
2019,2018,DB,6.8125,0.77777779,6.050000190734863,2.799999952316284,6.777777671813965,5.550000190734863
2019,2007,Ataka,2.200000047683716,2.2222223,6.809523582458496,9.619047164916992,3.526315689086914,3.1875
2019,2005,BMRO,3.842105150222778,4.4285712,6.900000095367432,9.5,4.809523582458496,4.8125
2002,2105,US-DEU,6.83,NA,6.78,2.58,7.53,NA
2006,2106,SNK-ED,6.5,NA,6.67,2.8,7.2,7
2006,2108,Nezavisl,4,NA,5.5,4.75,4.5,NA
2010,2110,VV,4.916666507720947,NA,5.888888835906982,4.3125,5.894736766815186,5.583333492279053
2014,2112,USVIT,2.266666650772095,NA,7.692307472229004,7.714285850524902,5.333333492279053,4
2014,2107,SZ,6.571428775787354,NA,3.857142925262451,1.285714268684387,3.714285612106323,4.090909004211426
2014,2113,SVOBODNI,1.333333373069763,NA,8.714285850524902,4.857142925262451,9.230769157409668,9
2019,2104,KDU-CSL,6.222222328186035,2.1428571,5.888888835906982,7.777777671813965,5.538461685180664,4.458333492279053
2019,2109,TOP09,6.666666507720947,1.5,7.407407283782959,4.851851940155029,7.333333492279053,7.416666507720947
2019,2103,KSCM,2.370370388031006,3.9285715,1.14814817905426,8.074073791503906,1.038461565971375,1.384615421295166
2019,2114,Pirates,6.115384578704834,3,4.28000020980835,1,4.346153736114502,4.217391490936279
2019,2102,ODS,3.777777671813965,4.4285712,7.777777671813965,7.037036895751953,7.703703880310059,7.884615421295166
2019,2111,ANO2011,4.481481552124023,6.7857141,4.692307472229004,5.730769157409668,4.5,3.846153736114502
2019,2116,STAN,6.518518447875977,1.4615384,6.269230842590332,4.07692289352417,6.57692289352417,6.208333492279053
2019,2115,SPD,1.481481432914734,1.8571428,8.84615421295166,9.370369911193848,4.666666507720947,4.136363506317139
2019,2101,CSSD,5.740740776062012,4.6428571,2.740740776062012,4.92307710647583,2.592592477798462,2.440000057220459
2006,2205,KP,3.33,NA,2.25,NA,2.33,NA
2010,2206,ERL,4.571428775787354,NA,4,7.142857551574707,3.428571224212646,3.285714387893677
2014,2207,EER,6,NA,5.75,4.285714149475098,6,5.333333492279053
2014,2208,EVE,6.166666507720947,NA,7.375,3.857142925262451,7.142857074737549,6.599999904632568
2019,2201,IRL,5.083333492279053,4.625,7.538461685180664,7.384615421295166,7.07692289352417,6.333333492279053
2019,2203,ER,6.583333492279053,1.875,6.461538314819336,3.076923131942749,7.461538314819336,6.916666507720947
2019,2210,E200,6.75,1.5714285,5.153846263885498,2.153846263885498,5.846153736114502,4.818181991577148
2019,2204,SDE,6.583333492279053,2.25,3.076923131942749,1.692307710647583,3.384615421295166,2.666666746139526
2019,2209,EKRE,2.083333253860474,4.75,8.461538314819336,9.538461685180664,4.692307472229004,4.75
2019,2202,EK,5.5,4,4.461538314819336,4.615384578704834,3.769230842590332,3.333333253860474
2002,2305,MIEP,1.64,NA,9.71,9.69,4,NA
2002,2306,CP,5.6,NA,4.83,5.55,5.5,NA
2010,2304,SZDSZ,6.599999904632568,NA,4,1.428571462631226,6.75,6.090909004211426
2010,2303,MDF,5.928571224212646,NA,6.333333492279053,6.400000095367432,5.933333396911621,5.75
2010,2307,KDNP,4.882352828979492,NA,7.588234901428223,8.29411792755127,3.058823585510254,4.357142925262451
2019,2314,MM,6.5,1.1666666,4.400000095367432,1.600000023841858,5.933333396911621,4.357142925262451
2019,2309,LMP,5.533333301544189,3.1666667,3.933333396911621,3.066666603088379,3.733333349227905,4
2019,2311,DK,6.928571224212646,1,3.333333253860474,2.133333444595337,4.666666507720947,4.071428775787354
2019,2302,Fidesz-KDNP,3.066666603088379,6.3333335,8.333333015441895,9.199999809265137,3.733333349227905,5
2019,2301,MSZP,6.5,2.1666667,3.400000095367432,3.733333349227905,4,3.5
2019,2308,JOBBIK,3.785714387893677,5.1666665,7.733333110809326,8.066666603088379,4.133333206176758,4.642857074737549
2019,2310,E14,6.44444465637207,1,3.571428537368774,1.428571462631226,4.666666507720947,2.75
2006,2408,LSDSP,5.5,NA,2.25,6,2.25,1.25
2006,2403,TP,6.5,NA,7.25,5.75,7.75,8.25
2006,2401,JL,5.75,NA,7,5,7,7.5
2006,2407,LC,7,NA,6.75,6,8,8.5
2006,2404,LPP,5.75,NA,7,8,7.75,8
2010,2411,ZRP,6,NA,6.375,5.142857074737549,6.666666507720947,5.777777671813965
2014,2413,NSL,4.222222328186035,NA,5.142857074737549,7.714285850524902,4.857142925262451,4.833333492279053
2019,2414,LRA,5.333333492279053,3.75,6,6.222222328186035,6.625,6.285714149475098
2019,2417,AP!,6.636363506317139,2.5,5.818181991577148,1.909090876579285,5.900000095367432,4.727272510528564
2019,2405,ZZS,4.818181991577148,3.75,5.818181991577148,7.636363506317139,5.454545497894287,5.727272510528564
2019,2410,SDPS,5.545454502105713,5.75,3.454545497894287,6.272727489471436,4,3.090909004211426
2019,2412,V,6.800000190734863,2.25,6.909090995788574,4.818181991577148,7.181818008422852,6.909090995788574
2019,2415,KPV LV,5.090909004211426,6.75,5.699999809265137,5.5,5,5.5
2019,2416,JKP,5.727272510528564,3.5,7.272727489471436,7.090909004211426,6.181818008422852,5.363636493682861
2019,2406,NA,4.727272510528564,3.75,8.454545021057129,8.090909004211426,6.090909004211426,6.272727489471436
2019,2402,LKS,4.300000190734863,5.25,2.272727251052856,7,3.200000047683716,2.777777671813965
2002,2502,NDP,5.2,NA,3.2,6.25,3.75,NA
2002,2503,LRS,4.2,NA,2.2,7,2.25,NA
2002,2513,JL-PKS,1.6,NA,9.8,8.6,2.25,NA
2002,2510,NKS,6,NA,6.6,5.25,5.5,NA
2002,2514,MKDS,6.6,NA,7,5,6.75,NA
2002,2509,LCS,6.4,NA,5.6,4.2,6.25,NA
2002,2512,LLS,2.2,NA,7.8,8.75,0.75,NA
2002,2508,LKDP,5.4,NA,7.4,8.2,4.25,NA
2010,2504,NS,6.199999809265137,NA,4.07692289352417,5.333333492279053,4,4
2010,2517,TPP,5.55555534362793,NA,5.44444465637207,4.5,5.777777671813965,6
2010,2505,LiCS,6.07692289352417,NA,6.230769157409668,4.083333492279053,6.75,5.92307710647583
2010,2519,FRONT,2.700000047683716,NA,1.153846263885498,5.75,1,0.3846153914928436
2014,2520,DK,3.111111164093018,NA,6.875,9,3.333333253860474,3
2019,2515,TT,3.636363744735718,5,6.636363506317139,8.636363983154297,4.272727489471436,4.222222328186035
2019,2521,LCP,3.799999952316284,5.8333335,5.333333492279053,8.625,3.777777671813965,4
2019,2507,LVZS,5.454545497894287,5.125,5.090909004211426,8.454545021057129,4,5.090909004211426
2019,2518,LRLS,6.636363506317139,2.125,6.818181991577148,1.909090876579285,8.272727012634277,6.636363506317139
2019,2516,DP,5.099999904632568,6.5,4.909090995788574,6.099999904632568,4.909090995788574,5.099999904632568
2019,2522,LZP,6.125,3.75,4,3.333333253860474,4.333333492279053,4.333333492279053
2019,2506,TS-LKD,6.818181991577148,1.625,7.181818008422852,6.636363506317139,6.727272510528564,5.454545497894287
2019,2511,LLRA,4.5,4.2857141,6.090909004211426,9.454545021057127,2.818181753158569,3.222222328186035
2019,2523,VKM-AMT,6.800000190734863,1.2857143,5.222222328186035,3.111111164093018,4.111111164093018,3.444444417953491
2019,2501,LSDP,6.727272510528564,1.75,2.363636255264282,2.727272748947144,2.818181753158569,3.090909004211426
2002,2602,UP,6.38,NA,3,1.38,2.25,NA
2002,2608,AWSP,5.38,NA,7.75,7.5,4.38,NA
2006,2609,PD,6.83,NA,4.5,1.17,7.4,7.5
2010,2612,SD,6.666666507720947,NA,4.666666507720947,3.666666507720947,6.25,6.428571224212646
2010,2604,S,3.272727251052856,NA,4.636363506317139,7.75,2.666666746139526,1.909090876579285
2010,2607,LPR,1.666666626930237,NA,9.25,9.538461685180664,3.5,3.5
2010,2611,SDPL,6.714285850524902,NA,2.666666746139526,2.25,3.416666507720947,3.333333253860474
2014,2614,KNP,1.058823585510254,NA,9.529411315917969,8.823529243469238,9.588234901428224,9.588234901428224
2014,2616,SP,3,NA,8.29411792755127,8.647058486938477,3.375,3.25
2014,2615,PR,4,NA,7.647058963775635,7.6875,6.666666507720947,6.400000095367432
2014,2613,RP,6.705882549285889,NA,2.529411792755127,1.176470637321472,4.1875,4.133333206176758
2019,2621,Wiosnia,6.888888835906982,1.1111112,1.894736886024475,0.8421052694320679,3.5,2.666666746139526
2019,2606,PSL,5.142857074737549,4.5,5.285714149475098,7.099999904632568,4.333333492279053,3.450000047683716
2019,2603,PO,6.666666507720947,1.2,5.38095235824585,4.666666507720947,6.571428775787354,5.900000095367432
2019,2605,PiS,2.952380895614624,6.6999998,7.550000190734863,9.142857551574709,2.952380895614624,1.75
2019,2619,Konfederacia,1.368421077728271,1.3333334,9.526315689086914,9.526315689086914,9.058823585510254,8.058823585510254
2019,2617,Kukiz,3.111111164093018,5.2222223,7.111111164093018,7.611111164093018,6.75,5.375
2019,2618,Nowo,6.947368621826172,0.55555558,5.157894611358643,2.611111164093018,7.666666507720947,6.722222328186035
2019,2601,SLD,6.571428775787354,1.2,3.38095235824585,3.571428537368774,3.904761791229248,3.349999904632568
2019,2620,Lewica Razem,6.55555534362793,2.3333333,1.277777791023254,1.222222208976746,1.29411768913269,1.470588207244873
2002,2707,CDR 2000,6.86,NA,6.29,4.43,6.71,NA
2006,2708,FDGR,6.43,NA,5.29,4.29,6,4.670000076293945
2010,2703,PRM,3.700000047683716,NA,5.631578922271729,9.449999809265137,2.099999904632568,1.736842155456543
2014,2710,PP-DD,4.533333301544189,NA,4.357142925262451,8.625,2.538461446762085,3.454545497894287
2014,2709,UNPR,5.588235378265381,NA,3.428571462631226,7.642857074737549,3.571428537368774,4.230769157409668
2014,2702,PC,5.352941036224365,NA,5.529411792755127,7.9375,5,5.25
2014,2704,PDL,6.647058963775635,NA,6.647058963775635,5.588235378265381,7.176470756530762,6.933333396911621
2019,2713,USR,6.75,3.125,6.466666698455811,2.625,6.5,6
2019,2701,PSD,4,6.5,3.666666746139526,8.25,3.375,2.875
2019,2705,PNL,6.266666889190674,3.625,7.066666603088379,6,7.25,6.8125
2019,2714,PRO,5.400000095367432,4.25,4.285714149475098,6.538461685180664,4.533333301544189,4.142857074737549
2019,2712,ALDE,5,5.875,6.133333206176758,6.25,6.133333206176758,6.066666603088379
2019,2706,UDMR,6.0625,3,5.866666793823242,6.0625,5.6875,5.733333110809326
2019,2711,PMP,5.666666507720947,5,7.071428775787354,7.214285850524902,7.357142925262451,6.92307710647583
2002,2806,ANO,6.57,NA,6.71,3.54,7.5,NA
2002,2808,PSNS,3.07,NA,8.5,8.62,3.75,NA
2002,2810,HZD,5.54,NA,4.23,6,3.91,NA
2010,2811,SF,5.625,NA,5.727272510528564,2.75,6,5.625
2010,2807,KSS,2.555555582046509,NA,0.692307710647583,6.599999904632568,0.3333333730697632,0.5454545617103577
2010,2801,LS-HZDS,5.133333206176758,NA,5,7.214285850524902,4.428571224212646,4.384615421295166
2014,2815,NOVA,4.285714149475098,NA,7.071428775787354,7.07692289352417,7.07692289352417,7
2014,2802,SDKU-DS,6.357142925262451,NA,6.857142925262451,5.307692527770996,7.571428775787354,7.384615421295166
2019,2816,Siet,6.142857074737549,1.5,5.75,4,7.75,5.666666507720947
2019,2817,LSNS,1.3125,2.7,9.3125,9.8125,3.9375,2.266666650772095
2019,2813,MH,6.666666507720947,1.4,5.199999809265137,4.8125,5.75,5.133333206176758
2019,2821,Za Ludi,6.533333301544189,0.80000001,6,5,6.625,5.400000095367432
2019,2819,PS,6.866666793823242,0.30000001,3.8125,1.5,5,4.3125
2019,2803,Smer-SD,5.1875,6.3000002,4.25,7.875,3.5,2.125
2019,2805,KDH,5.1875,2.8,6.625,8.0625,6.1875,5
2019,2818,Sme Rodina,3.133333444595337,4.5,7.133333206176758,8.4375,4.857142925262451,2.857142925262451
2019,2814,OLaNO,4.75,5.4444447,6.571428775787354,6.785714149475098,6,5
2019,2809,SNS,3.066666603088379,5.6999998,7.4375,8.9375,4.4375,3.533333301544189
2019,2812,SaS,4.125,3.8,7,3.1875,8.125,8.5
2019,2820,SPOLU,6.875,0.30000001,5.333333492279053,3,6.125,5.6875
2019,2804,SMK-MKP,6.071428775787354,2.6666667,5.92307710647583,7.142857074737549,5.538461685180664,4.090909004211426
2002,2908,SMS,5.2,NA,4.4,3.2,4,NA
2006,2909,AS,5.4,NA,4.6,2.6,3.8,3
2010,2910,Zares,6.363636493682861,NA,3.916666507720947,1.75,4.583333492279053,4.333333492279053
2010,2901,LDS,6.545454502105713,NA,4.75,1.583333253860474,5.833333492279053,5.833333492279053
2014,2904,SLS,6.07692289352417,NA,6.461538314819336,7.07692289352417,6.307692527770996,5.699999809265137
2014,2914,PS,6.07692289352417,NA,3.384615421295166,3.461538553237915,4.153846263885498,4.727272510528564
2019,2911,SMC,6.533333301544189,4,4.785714149475098,4.066666603088379,5.142857074737549,4.5
2019,2913,AB,6.357142925262451,4.3333335,4.214285850524902,3.333333253860474,4.357142925262451,3.5
2019,2906,DeSUS,5.533333301544189,4.8333335,3.769230842590332,5.066666603088379,3.285714387893677,2.785714387893677
2019,2915,LMS,6,4,4.357142925262451,4.642857074737549,4.642857074737549,4.214285850524902
2019,2902,SDS,5.133333206176758,4.5,8.642857551574707,8.733333587646484,7.5,7
2019,2912,Levica,4.133333206176758,2.8333333,0.7142857313156128,1,0.7142857313156128,1.142857193946838
2019,2903,SD,6.466666698455811,2.8333333,2.571428537368774,2.533333301544189,3.071428537368774,2.714285612106323
2019,2905,NSI,6,4,7.5,8,7.357142925262451,6.071428775787354
2019,2907,SNS,2.666666746139526,4,8.714285850524902,8.466666221618652,6.307692527770996,6.833333492279053
2014,3114,ORaH,6.111111164093018,NA,2.444444417953491,1,3,3.125
2014,3109,HSP,2.857142925262451,NA,9.25,9.375,4.714285850524902,4.25
2014,3113,HSP-AS,3.625,NA,9,9.25,4.75,4
2014,3112,HL-SR,5.55555534362793,NA,2,2.125,2,1.25
2019,3107,HDSSB,3.900000095367432,3.8461537,8.409090995788574,8.545454978942871,5.0625,3.666666746139526
2019,3103,HSS,6.38095235824585,2.4000001,4.666666507720947,4.666666507720947,3.545454502105713,3.428571462631226
2019,3115,Most,3.818181753158569,4.4375,7.82608699798584,8.5,5.772727489471436,4.449999809265137
2019,3105,HNS,6.5652174949646,1.0625,4.291666507720947,1.916666626930237,6.291666507720947,5.954545497894287
2019,3119,HKS,2.61904764175415,1.9285715,9.260869979858398,9.47826099395752,6,5.07692289352417
2019,3102,SDP,6.625,1.25,3.416666746139526,2.291666746139526,3.833333253860474,3.545454502105713
2019,3110,SDSS,6.17391300201416,2.3846154,3.083333253860474,2.904761791229248,2.736842155456543,3.052631616592407
2019,3116,ZZ,1.818181872367859,2.1875,4.789473533630371,4.956521511077881,3.190476179122925,2.809523820877075
2019,3108,HSU,5.761904716491699,2.909091,4.400000095367432,4.941176414489746,2.761904716491699,2.333333253860474
2019,3118,NS-R,6.4210524559021,1.5,4.636363506317139,2.954545497894287,6,5.761904716491699
2019,3101,HDZ,6.666666507720947,1.9375,6.875,7.125,4.833333492279053,4.545454502105713
2019,3117,MB 365,4.75,4.5384617,5.636363506317139,6.043478488922119,3.666666746139526,3.272727251052856
2019,3104,HSLS,6.47826099395752,2.3125,5.34782600402832,3.545454502105713,6.958333492279053,6.714285850524902
2019,3106,IDS,6.947368621826172,0.75,3.25,1.333333373069763,5.26086950302124,4.476190567016602
2019,3702,PN,6.571428775787354,4,6.142857074737549,6.571428775787354,6.428571224212646,3.571428537368774
2019,3701,PL,6.142857074737549,4.3333335,6.142857074737549,2,6.428571224212646,3.714285612106323
2019,3801,CSV,6.5,1,6,6,5.5,3.5
2019,3805,ADR,4,7,8,8,7,4.5
2019,3807,PPLU,4.5,7,5,5,5.5,5
2019,3802,Greng,6,4,4.5,3,4.5,4
2019,3803,DP,6.5,3,5.5,4,5.5,6.5
2019,3804,LSAP,6.5,4,4,4,4,3.5
2019,3806,DL,4,7,1.5,2.5,1.5,1.5
2014,4002,EVROKO,6,NA,8.666666984558105,7.25,8.5,7.5
2019,4007,SYM,5,6,4.5,3.5,4.5,5
2019,4001,DISY,6,6,7.5,6.5,8,8
2019,4008,KINHMA,5,5,7,7.5,7,5.5
2019,4005,EDEK,5.5,5,4.5,6,4.5,4
2019,4006,KOP,5,7,4.5,3,4,2
2019,4004,DIKO,6,7,5.5,6,6,4.5
2019,4009,ELAM,3.5,8,10,10,7.5,6
2019,4003,AKEL,5,7,3,2.5,2.5,1
