partyfacts_id,x_1,lo_1,up_1,x_2,lo_2,up_2
4,-1.0885714019750647,-1.6452930727191588,-0.5670539134803819,-0.2840747863200892,-1.4538937650265331,0.9815155184430294
5,-0.06368337589088871,-0.549168252588011,0.4009097583035636,0.7523139795380591,-0.42215614442883265,2.0897168841983924
10,-0.8062247797378473,-1.4105543174128403,-0.17666238926264688,1.1679671204992308,-0.13323389826153026,2.563188343117768
14,-0.3438894695025479,-0.6519678675777133,-0.023138148104085363,1.0324582677414846,-0.17686934522588282,2.345785194391667
29,-1.0091852777706407,-1.4738364006208151,-0.5821995586339276,-0.25282503059768935,-1.4054687325971966,1.0054405842309269
36,0.35766245454491086,-0.004696228796880186,0.7158892674270627,-0.7803664718500567,-1.9460054515092902,0.44489919770798375
41,0.5594481263273763,0.13711077530815483,0.9768548969878214,-0.4414246138265676,-1.6104882125615614,0.8210223747519341
42,0.48169821294395665,-0.13450907300833922,1.0378827770525272,0.7826974620082463,-0.4761417966504891,2.209257230596476
43,0.809644079439193,0.32298271230075093,1.2966764877981296,-0.8247645955654703,-2.02054554913338,0.4224766891689897
45,-0.4138502332839815,-0.773013852619336,-0.006901891173142508,0.7052504980433199,-0.5182144474157321,2.078195516570072
48,-2.4765344110938674,-3.4631977327637498,-1.6299716940343343,-0.7180225048827558,-2.030906783188798,0.7413352191528472
49,0.15292730907136237,-0.6137222580137127,0.7123291672102907,0.9674313012065815,-0.24363447775037325,2.322320905232212
50,-0.23381009793748264,-0.6830028387898802,0.23211167947305572,0.10391384909128029,-1.0551476907076012,1.3492175073318804
51,0.927560053626017,0.33064592165771706,1.4948701933077004,-0.11772043376950475,-1.3776912590296804,1.341359193470552
53,0.2888296291529431,-0.22502192148682712,0.7667899880025126,0.207860349827947,-0.9528490851582656,1.5016627667247582
55,-0.34372111086652435,-0.7161339872405962,0.07158564049762252,0.40967912814779867,-0.7558177443636892,1.6695462723960692
57,-0.6874262487597298,-1.191605578427716,-0.1283855331414089,0.7324993543774643,-0.4932236395482801,2.035028368321881
61,0.4363382955905257,-0.01891677694183433,0.8948383332134922,-0.07147645274983126,-1.2670674541830067,1.2775357544200954
62,-1.0523650116064296,-1.547426850916756,-0.6079991334538938,1.601984766724518,0.2276710520630461,3.0749772942704054
63,0.5503112211143162,-0.008038015507383986,1.1013946842006443,1.1733823804780283,-0.1547609219544084,2.65086116038302
70,1.0616593483771324,0.529391924530808,1.5960374694426518,0.6427403455246734,-0.7605200332492134,2.185206947967876
72,-0.07051207033251836,-0.35995729748914684,0.22115609962553032,1.1827004583510559,-0.14074893805729424,2.627882964303972
76,-0.4057331138873612,-0.8366874621825351,0.09174316646179155,-0.3718037182960813,-1.4119335577547805,0.7850829624271082
86,-1.2770647273228461,-1.875485904536984,-0.6752557724194365,-0.16133439877731617,-1.3924008605888651,1.1879643378243692
95,-1.842929174725378,-2.44693832718568,-1.2636678118381055,-1.0856527028814655,-2.432034514060426,0.2628893918210934
101,1.1017920009843745,0.5488269131668132,1.656838194563216,-0.2943627670396468,-1.5594200419546405,1.1579529016655163
120,-0.5991141865481816,-1.0780138870215243,-0.10104797166064598,-1.3683481483337707,-2.435455449009361,-0.27154723992296803
131,-0.6259210094576131,-1.1716199282657134,-0.029284105854787638,0.41668797043391437,-0.7856215054782238,1.7596554869758694
139,0.09647084619973208,-0.21736040792420655,0.39357580592180763,0.16471932163637049,-0.9906959151303717,1.4295010607121925
149,-0.6860686137280265,-1.3005656664710363,0.08328054097343557,0.7298751187991447,-0.5177428512359592,2.072690999165449
153,0.3927394411273252,-0.29995812483610446,0.9604743790650214,0.7235430047705276,-0.5146627432633957,2.070259488488786
159,0.20245222868556462,-0.40435668600504476,0.7433429453511691,-0.28630708807206373,-1.4004412535828483,0.9264612910518955
165,0.39226328118413334,-0.31679681742695603,0.9871322256015994,0.7212023922589683,-0.5045813525971987,2.1156737286537086
172,0.6568621708639965,0.08835582435306283,1.2277360799059889,0.4877986873362834,-0.7952153224564881,1.8810435776415568
176,-0.10178692929474115,-1.0257629234434078,0.8182517371051817,-0.2239339293991912,-1.3664672804275713,1.0204956189448577
177,-0.6890345684714203,-1.1783583659365493,-0.14539129955818264,0.7317747395439139,-0.472650050145964,2.0340538813451303
186,-0.8379634398860423,-1.2998469622424624,-0.4146294988414057,0.9466661567481134,-0.3169347642903604,2.2676044712185184
191,1.4053760293785447,0.7006761505420253,2.192370640117308,-0.13129884375941342,-1.4557613173197306,1.4473421936636588
192,0.24975237235622488,-0.2210898191008985,0.6708925057894292,0.14560160675597666,-0.9975529417046448,1.4153033236819033
193,0.4887794808256757,-0.04229253775914923,1.0154339217963702,0.885720371623472,-0.42361754300488086,2.30642410579
199,-0.03688175182950788,-0.365506151903965,0.2680285865639709,0.19891616169417475,-0.9359412763470221,1.4090659449280678
201,0.46483932122992144,-0.05123891200993806,0.979507750577685,0.40244146680513004,-0.8147904600653467,1.7496732001084323
205,-0.5744371042296824,-1.027777311969697,-0.08312190765318397,-0.36268331712269064,-1.459155045495198,0.8044600806788773
208,-2.361600371188553,-3.443256414146121,-1.2705490156591037,0.25106620255891465,-1.1425379975795245,1.8171029956938596
211,0.48413349703070896,0.007956223996816638,0.9513715454090718,1.3121850048114265,-0.03898719974197565,2.7406082154452407
212,0.5730056982045897,0.014901682844903874,1.0840226463154317,-0.7663363208914951,-1.9177553830678007,0.46931110100891754
213,0.19098665888701152,-0.17310424672372934,0.5272623082070925,1.1039406190403793,-0.14931834286873863,2.467145776876646
217,0.28610421110874945,-0.3998734686815942,0.8640170519749191,-0.22276982215604213,-1.323565008712361,0.9939672177395792
223,0.25903822570971713,-0.1106339476121386,0.603838528475373,1.362839212536771,0.06180140398550274,2.7947356949447233
230,-1.6513779683514431,-2.296981722133411,-0.9844374965055894,-0.7776422195689885,-1.9873172790092735,0.5556713220256614
237,1.438238930485928,0.8587518701994548,2.1118175123188396,-1.1637093062682227,-2.53737377085553,0.17398550613991978
242,-1.7054808121621816,-2.315829201356007,-1.0839585884868883,-0.2771359680087931,-1.5535194070876537,1.1193953666673089
247,-1.7120858328824564,-2.3140620236639724,-1.1183576176599206,-0.6029492653400075,-1.9021077907025299,0.8268167008998514
253,1.6864543280982771,1.0106163627190816,2.5762827326594686,-0.7445640546050114,-2.1277768063436686,0.7134344425034562
254,0.7431988424087418,0.23560584958059974,1.2586644034734544,-0.7069060120457609,-1.9230891097197074,0.5783655248212217
258,0.19624483519652913,-0.31188378671664496,0.6397379098919204,0.8189065588720327,-0.4418927542326668,2.2065845094132235
263,0.5195388586853538,-0.0307297748688213,1.0325476541086755,-0.10402143666530364,-1.2468552309202052,1.1519512893221293
272,0.5378609059269157,0.08300090634479038,0.9902180611231992,-0.1631682853196771,-1.3470960348711483,1.1246099483013963
276,-0.850457991373131,-1.2862181104835666,-0.42408552827201434,-0.3605768824637484,-1.5279908058931808,0.9036314504779337
277,-2.498924317710126,-3.4895301081341117,-1.6697745974455038,0.279733693534501,-1.1339220079833228,1.9075320198853059
279,-0.26459607175575683,-0.582218963618814,0.06631153537422059,0.515686265514554,-0.6771895077859132,1.838701331331645
283,0.7048704748889438,0.30293174835086367,1.1133478230512173,-1.5867311157798798,-2.84977129586019,-0.2981423113488603
284,-1.8273617760687815,-2.4409743476049384,-1.2255836883244655,0.18702400710351996,-1.118407293722165,1.6546636103787367
293,1.616436739500007,0.952203855189373,2.5009045552687015,-1.0756421666068317,-2.4374717178231458,0.32573491951483174
296,1.6957765909171942,1.1422716109372906,2.390606836617941,0.0600086181215084,-1.3423606196969202,1.6415815101441558
298,1.4020613452036443,0.8782050137044577,1.9951272272491705,-1.4021495085985647,-2.7546906113991856,-0.05284978689494642
300,-0.11387975168202195,-0.57239414423693,0.3227089660872177,0.8747141817496111,-0.29564134832422373,2.1494611920395235
301,-0.9134538601786757,-1.3408595146050317,-0.5265067592654932,0.40525215264293657,-0.8301708558843937,1.7432952010554854
306,0.9143536682259981,0.5206434520206222,1.3178191988516688,-0.361716758395211,-1.65326744596971,1.1188177950335958
308,1.1373052882640504,0.6649502125651966,1.644842029454018,-1.6544069164095105,-2.9704273378164654,-0.3312131918252022
310,-2.0516692709106743,-2.7571883585802706,-1.4117089228235897,0.20914446143760673,-1.1606079688038,1.7716163657272026
311,-0.6571246530624095,-1.1054193062667161,-0.1637143365372351,-1.1255989339343944,-2.2469964154244235,-0.01743467799533802
312,0.7015236050009646,0.22862166975535958,1.1715697591709666,-0.24911306683298312,-1.4638192385832898,1.0934615189459629
328,1.575515731387426,1.0418937275717424,2.229549430161227,0.5718469647352372,-0.9006843027453585,2.210557373485159
329,-1.1009203269810905,-1.6425188380992242,-0.606984497100771,0.4112316339237818,-0.8222372933597457,1.7272606828840507
331,-0.3833554853912339,-0.764692817781154,0.023922770164877122,0.13086313938584163,-0.9805055940768227,1.3575566907340566
333,0.1427543063893272,-1.6307896876447276,1.347435870508974,-0.9654267190655997,-2.1586402293485354,0.21030236371600128
340,-2.495200228265392,-3.5106570589433503,-1.6693240084721197,0.2792246077462225,-1.1319987255232031,1.8814066682823658
343,0.8582994322092115,0.2531495425250489,1.4172699838948677,0.42925478694500174,-0.9263528110013056,1.9538312970498808
347,0.34303062848750165,-0.1952019022258114,0.812758212128914,-0.22169874815438884,-1.3412212484027655,0.9425862186021201
349,0.7580490907968616,0.20039736417397253,1.3288789709110762,0.40011685959228527,-0.89063388839748,1.8265410995656626
351,0.722484332735459,0.1402420711691457,1.284459942748903,-0.0707448100064694,-1.2562495041202728,1.3209816161214454
360,0.17373928780103734,-0.2304262469360576,0.5539279743545142,-0.0015999856202424732,-1.1504856395259424,1.2491768717852145
363,0.6849761642173009,0.1773531254591898,1.1768096145016118,-0.4486158370746388,-1.6230903121037887,0.8490465522500178
364,1.1771913377943504,0.5716329270058071,1.7799508835491098,-1.0715676006032127,-2.3476185396694156,0.22667766899465203
365,0.32566184917399227,-0.024367722709544452,0.6674950098998716,0.6664646364213263,-0.5597631861316477,2.0081751239363754
374,0.12233800283122431,-0.2305213838409706,0.4581620153834086,-0.11140242071692136,-1.2213877744774049,1.0819486524583615
379,-0.8491227843367126,-1.3695726491564377,-0.3701342969782038,-0.033262253432644384,-1.1714818123262423,1.213983483171436
383,-0.687697025758732,-1.1669354571431214,-0.11394366391943762,0.7303294095175299,-0.48150396083656,2.040591674229879
393,0.6513598495645263,0.1389092280334382,1.1751731125918456,0.12776941187691276,-1.0793140448361151,1.4750123552285763
394,-0.22398129521596724,-0.5653388601724608,0.12275511819109743,0.385242111965461,-0.7520077053355145,1.643632692716389
409,1.641745161719149,1.1299369024355952,2.3123039983222213,-1.4887927409059598,-2.8832784710788264,-0.14203510095290323
415,0.7125799435033822,0.2517541152552274,1.1628457454935581,0.35181201530730855,-0.9118868112049513,1.7790348598743124
429,1.4057428008041628,0.7141349836959825,2.1983416375320837,-0.8907087805403398,-2.152587083039979,0.4699828420759371
433,1.6525276543528795,1.0097312881788763,2.5119853469591495,-1.8109193378542598,-3.2066317388574177,-0.44367679706651103
441,0.633000375700691,0.22257437572445748,1.0452016963128181,0.6307928719404956,-0.6571083686578493,2.0603722361110934
444,0.5855329793846324,-0.16004366172010526,1.2046247023436683,-0.6716173355576089,-1.7894899092378354,0.5466289496565181
457,-1.1963804073818762,-1.7152361531523719,-0.7003602858813367,-0.8792722676809739,-2.111311406420991,0.37892303375442665
461,0.6015204980837321,0.11944338457047946,1.091936386686647,0.44966270408875786,-0.823970479235821,1.80407102435404
463,1.1803286560343325,0.7141186924521934,1.657297398667587,-1.3356890551927878,-2.5923358683299034,-0.07476347094236084
466,0.5285656427036913,-0.12152316646572715,1.109465262991778,-0.44864209850882403,-1.60188026142695,0.8077793732110038
467,-0.26565332412637366,-0.7116904370820304,0.22611658912797364,0.8922383577607882,-0.30392254453232065,2.198496374294084
469,-0.4654262915968149,-0.8083361699397965,-0.07584353984799595,1.0627155307641107,-0.22767196425994235,2.456753093868023
471,0.8320252456537909,0.2760488013460272,1.3811015137391927,0.4100640300138732,-0.9682936072959416,1.9979620004056415
472,1.0689808807894128,0.5220548531616085,1.594797620034715,-0.4993151825475026,-1.7154493143554308,0.8763553065013128
473,-1.3329793411457773,-2.07674596226433,-0.5975520223601137,-0.6562489876333292,-1.8682940285965368,0.6830358565981609
474,-0.3558212935836665,-0.753095164321431,0.0931889593032211,0.8796488770882154,-0.3204089167262453,2.2301959438945658
475,-0.8034946489576487,-1.4108569375810558,-0.17481870038600003,1.1753469908099583,-0.09623847939342041,2.5267812607884115
481,0.3263651232800038,-0.15499420766340835,0.7795511921869717,0.8833172571044692,-0.37893198163777875,2.276362683882771
482,0.6553905982989647,0.2157218016399927,1.1196645264681941,1.0243404177679545,-0.3232932520354817,2.471461682076754
487,-0.8536369491403681,-1.3613214645650114,-0.3680848530690496,-0.02730421286512406,-1.1648460261734086,1.2739531667549768
491,0.3784345998591746,-0.23773309458251368,0.9344343277207952,-0.18800222856292062,-1.3106675452140348,1.0597987896039835
496,0.008918661527301884,-0.31767204840070484,0.3109559502943715,1.345673509459405,0.1205505093456327,2.6995479332985743
500,-0.9301775888886248,-1.36964936064053,-0.5268579092303826,1.119893292481913,-0.1728015571015183,2.45419140369306
503,0.44428266656204707,-0.2425075405624752,1.022700741581489,0.96901835484187,-0.32087506816270395,2.394961873482262
509,0.47856055388114926,-0.01226960047073819,0.966915916077109,-0.018612706079981292,-1.1928557503992383,1.3128561283400908
513,-0.22944904130181365,-0.5756668192235169,0.12090559769764515,1.000204213647507,-0.19376587780484372,2.3121077805732084
516,-1.2524536497200467,-1.7950931671323214,-0.7316128939587915,-0.3235731770608996,-1.583751947646146,1.0413135653434151
521,-2.4802700966299462,-3.518501501217875,-1.6189352850252656,-0.7041886588174513,-2.0602961441260312,0.747474862556864
528,-0.9843014477594834,-1.47396381051478,-0.5417891438204038,1.6292755941406338,0.2891012391732131,3.039405929490202
533,-0.2711505447989162,-0.6631805105268782,0.17837048586535179,0.00611870111728737,-1.1199690718229796,1.1844961403966583
536,0.5850872975229625,0.07601850476986276,1.1033327864736109,0.3026096802964948,-0.925111168715868,1.6865677388833582
539,0.3894324640890274,-0.03751904860611197,0.8030577049982928,1.0631857405779321,-0.1954008081536853,2.4663496602129382
548,0.1289801570018313,-0.4226025812679669,0.6203372268455717,0.1416173176996637,-1.0686471733125291,1.4217787889354643
553,1.3464545044336786,0.6999676213891592,2.0756047136522287,-1.3117207801756643,-2.616146910295492,0.012000503124921421
556,0.5021095245326281,0.09235128439917718,0.9152823620913376,-0.6449624534902423,-1.8328273918302302,0.6459739151460241
560,0.9032006832855798,-0.3161379211032912,1.745621061215688,-1.2255033495007044,-2.4565418378721517,0.021227038929125395
562,-0.6877757976580983,-1.1808065527282223,-0.13202148402997324,0.7349931208360865,-0.4858102753511098,2.039854845103971
563,0.48642171262216644,0.008634530446079642,0.9492091723127867,1.3378160572995057,-0.008647117118712836,2.7691528678985
572,1.2574428072348622,0.6901489065645924,1.825653894084635,-0.48952064037015863,-1.7362928044524502,0.9235029575225338
573,0.17378542236299044,-0.43271540347341525,0.6691826695996302,0.4925167301766523,-0.7167931186738188,1.795408295437092
586,-0.7331063000084359,-1.251198389870372,-0.1828738062165537,-0.16936214981927417,-1.2956187816610973,1.0508080687212349
599,1.0834804124319228,0.5664923059557432,1.6411769852566414,-1.056420809612752,-2.2923106671204816,0.23268838977533834
602,0.4100440996873092,-6.385208876334788e-4,0.8189742211406845,0.17970007450391812,-1.006510381316195,1.516026706653172
603,-2.492542412254994,-3.50682136603775,-1.6329838108339383,0.26112989347444926,-1.1216223830001608,1.8939512821129274
611,-0.47886659918616525,-1.1118388401552401,0.25329046705885583,-0.34966849393830174,-1.4995537658594886,0.8963744237144707
617,-1.8518789741951776,-2.683513175432861,-1.052666075137888,-0.11630683416444525,-1.4189190547418644,1.4120808159141016
631,1.5142748499389844,0.9211665126164853,2.2280821381985505,-0.8754646183402972,-2.232227648633228,0.5539930478727849
633,-0.06809700794799602,-0.39027256214987976,0.2509740833339873,1.5050633612170743,0.19242569067910323,2.9443983623673735
639,1.0980841055589294,0.5899263397404557,1.6008953163761408,-0.9668842313013302,-2.22143392702591,0.34289802637328776
643,-0.38326347137546635,-0.7329456906292632,-0.02988919756577623,0.26529702693610624,-0.869193124540764,1.5248082287360127
651,0.6837596666848942,0.31776240391611477,1.075074874755265,0.15974587437217735,-1.1226607398199542,1.5605939645507387
660,0.4095800226736843,-0.016463641088452052,0.8215072205326668,0.25279532431332397,-0.9206295219401678,1.5508710328350306
665,0.5282350360921437,-0.13326263352871096,1.0992529028150246,-0.4458755182728986,-1.5642540763948738,0.79525940235195125
669,-1.8576158912988125,-2.5098307637340564,-1.240975744770172,-0.0937218595362791,-1.4263535186453251,1.375739316251047
671,1.1190612898138625,0.5647882210714879,1.6891320124007383,-0.9095871528225409,-2.1702935420195653,0.4544871191883114
676,0.4040233544149837,-0.0910554893720187,0.8760940557657783,1.0693022385859858,-0.19295217045828056,2.4654269271268316
677,0.5513702389654784,-0.005463054079861895,1.0757332250699887,-1.027609313372078,-2.164244214804154,0.18140702560694885
685,0.8434543800837748,0.3949128602227153,1.3020286111617085,0.3450179167899978,-0.9234008062942594,1.724624208506254
688,0.3255476369745235,-0.12217524659938944,0.7702502336518136,0.22294426705255718,-0.946546719996253,1.5360226504048098
690,0.591997262882987,0.031137577007258107,1.1347687274658957,0.22953947175954242,-0.986418367179763,1.6115270421385224
695,1.5281912982775347,0.9938998043587776,2.1459586650253475,-0.10941949902099546,-1.436047085308561,1.3786353988608722
698,-0.09431313569926361,-0.5310267766786045,0.31912469518892017,0.11239762670953089,-1.0325932123009864,1.3389315648141376
699,0.5873315418907945,0.0811808318856841,1.0933787768418524,0.442833548466539,-0.8148625507463007,1.8028715278322789
703,0.6646093295994266,0.1006881422158544,1.2430849599526712,0.48637972716283345,-0.7728874807464741,1.8735371962590315
705,0.46078808693032725,-0.06525688785222278,0.9886201292188758,0.4151347814685147,-0.823738498807082,1.7613267323341955
714,0.06357951813368523,-0.5789807513646198,0.651506784557325,-0.8167639719388001,-1.8761190495871745,0.2812461160116464
718,0.46410282402037717,-0.3782585848440384,1.1196119956438646,-0.05712312037141288,-1.210618516350364,1.2539776636397293
719,-1.3366677062505623,-1.9424763252961805,-0.7320722888232043,-0.7345954246908627,-1.9597109443784115,0.5384029932043594
720,1.2550135688069326,0.6388269673555685,1.88664488449252,-0.6049030666913217,-1.9203528355053707,0.8312540607575066
727,0.45376956532777324,-0.10970779815152246,0.9408823242261395,-1.020054323149234,-2.1395994957832434,0.14050180311842947
730,1.4751356467215757,0.941268186129718,2.0612531700137438,-1.2910565752223695,-2.673445158416377,0.04327219047615668
731,-0.9651704190188466,-1.4684545481372149,-0.4878253347527574,0.9451404721119222,-0.36556290846402023,2.353288403266554
742,-1.184378693211566,-1.6390189670117865,-0.7493118713324499,-0.2363383354890457,-1.4366217139343798,1.049515004521841
744,0.10966635866645491,-0.6729354462397112,0.7454451347538593,-0.3574777660962689,-1.4364606552006476,0.7962410835049444
747,0.5148863771145955,-0.014350305292874841,1.0312718565197239,-0.09679772024479803,-1.2658128435564495,1.2485684945854756
751,0.29882644809137937,-0.29790298565170337,0.8059626581167697,0.8950840388222528,-0.3512109524126648,2.246517049743178
760,0.3438163325219657,-0.13053811849288396,0.7823386926359625,0.4355720307443486,-0.8119471761513958,1.7765260071424147
763,0.46374929474382176,-0.03984721943391,0.9869831354220969,0.4132194569334222,-0.774729537078998,1.742407647788442
764,0.5169457815895122,0.06805650630216312,0.9751850894640635,0.18077778358019297,-1.0376662172366355,1.54809096216871
768,-0.12742916928750142,-0.7120122043705988,0.4779224637180059,-0.4380223648150372,-1.55511814676722,0.7342234759318359
779,0.7576309087328801,0.19741496428098576,1.3163316937360658,0.40273364429221536,-0.8995338908879296,1.8015637611856512
789,0.13982952521109532,-0.5050873278190172,0.6183906488275844,1.1775294827793166,-0.09388166903295439,2.566057465718992
790,0.5217453781750512,-0.3825222672519467,1.189671447796816,-0.33694066223280983,-1.4747659633366714,0.9319854026832303
791,0.05101025202557465,-0.3655311287994721,0.44045220690215015,0.6958743310792301,-0.49920722890582414,2.021394436657949
794,0.60411986813289,0.18495816871488266,1.0347553593484713,1.4001594638490662,0.02477184442431244,2.8611445664250064
799,-0.3572974263836875,-0.7521111490261464,0.08517257722833864,0.8899030811172861,-0.301798882591186,2.172355191591768
800,-0.18059356192436396,-0.741334429386469,0.41760405525679917,0.18072134615287697,-0.9486553122053871,1.419094101596814
802,-0.5620614966333645,-1.036482238601673,-0.04964386448325551,0.054909461621959754,-1.0961646319667235,1.3564707484379306
813,1.0532140123300706,0.48622903882034446,1.5858783555148575,0.1856441748336689,-1.1002546935306505,1.632431436200657
821,0.1333125939090427,-0.3449701292274797,0.5493438850022527,0.016523842643575475,-1.1416524136048192,1.2483302733645916
824,0.5857394956831965,0.08766718058588405,1.0811161888805678,0.43311923773735583,-0.821903422864741,1.830563166478372
830,-1.4937287568269881,-2.0795490458139554,-0.9118856756565898,-1.2582287119131808,-2.5145073217113016,-0.010021736338564164
848,-0.5728270549660549,-0.98257125063452,-0.15518628944010543,-1.2019303888654513,-2.3308087925715224,-8.108062007263629e-4
851,-1.3227500704062254,-1.9573894841587285,-0.7034130879952626,0.6095109417202705,-0.7021657213922624,2.012232895499836
857,-2.488422409288388,-3.4681525774877247,-1.6791500343714147,0.2776567014860091,-1.1004697426404701,1.8770954104847293
859,-2.4776088105281224,-3.4679703564348077,-1.6600183726858868,-0.6993018392687755,-2.0382988606919628,0.7014121903291028
863,0.4984679432706516,0.14136485878453553,0.8741768831767899,0.055777318654751135,-1.1585771949921153,1.424655915121001
865,-0.7982587925561355,-1.3935277451128865,-0.14206038624360875,1.1653404075419806,-0.08492616058124046,2.5042619025186132
876,1.438337441332222,0.88309368797109,2.0436282759643003,-0.5613531804867989,-1.8492774743163864,0.8512299925504742
877,-0.42259085320073,-0.7604043996642778,-0.052824301035850174,-0.1155179234248988,-1.2376148586639764,1.1131957402709467
880,0.9869613391158558,0.3601459427860147,1.5550767001991246,-0.6408173187413639,-1.8526566413151782,0.7148330853070551
886,-1.322512963584654,-1.9392838824976792,-0.7150031741075098,0.6293931885909397,-0.6923950135842777,2.038181510372563
888,-0.23108546534869437,-0.6642979677590374,0.21038657933097948,0.1349808486584903,-0.9763013726137264,1.318861156736647
897,-1.3267446651617218,-1.9731774484047286,-0.6859095234970668,-0.27846197298202746,-1.5046062794705173,1.0639993157371104
899,0.5795496882995926,0.012245590546773863,1.1455427839531174,0.5848692814570489,-0.7070305077831646,1.993885469716996
901,0.022592096140360472,-0.43970669296622894,0.4447944019037241,-0.025970900787497878,-1.1657120969091241,1.2013009633712481
912,-1.0539170355432153,-1.5735476655801217,-0.5476490614319748,0.015430225108384744,-1.1090144634158157,1.2653071635860502
924,0.035837660329060744,-0.39888103140290054,0.4337251878463434,0.0862632506673949,-1.0668524180773797,1.3588526670201795
934,0.4543107936852462,-0.18141164363373632,1.077034378627787,0.40348910279026373,-0.8061807279010963,1.8289143290360799
946,0.33158678260764446,-0.20441976017042124,0.8129467448971087,-0.07713225383175315,-1.2612843415774908,1.1574185196264657
964,0.10331738509495703,-0.31930083820610095,0.492121393599296,-0.6425342963979255,-1.7124231062900448,0.48545538177031916
965,1.1021573104266358,0.5492833380603278,1.6303787352498427,-1.030287844137158,-2.2847933445536155,0.2384154129625103
972,1.417716098427797,0.878165930687541,1.99231872610195,-0.9027529427226033,-2.166666856675574,0.4450126597659316
975,-0.22885362926361136,-0.5663457207250753,0.11303301359972687,1.0156092545183486,-0.22921336514811425,2.293761103510599
982,-0.14781498894130227,-0.48716183158689474,0.18150468052519367,0.35974756535405483,-0.7764775761796602,1.6261614670305666
996,-2.119586186405034,-2.9499306327136856,-1.3507652282941405,-0.06792356038181101,-1.4123404537991715,1.444287804732258
1006,-0.9891994168800067,-1.4998361485202008,-0.5250696170640513,1.6256698724652368,0.27126167330079687,3.0478061417738513
1011,-1.3626368811855485,-2.000844703521082,-0.7351390875719074,-1.226267954740365,-2.4456968728557023,-0.019261524324494843
1016,-0.2624595198711742,-0.7710895748522669,0.2916488757959003,-1.0518764278616282,-2.1580883621693734,0.05159341895468378
1022,1.3386143098288028,0.7663735630758309,1.9760235464111273,-1.1939476761026078,-2.512198497465697,0.12354517823091678
1026,1.617097211369685,1.0904703815509278,2.263898924773119,-0.26951566018373996,-1.590263185204053,1.1981733520546056
1034,-0.6187730781003307,-1.1599954848811624,0.01752647111189275,0.027467851356828114,-1.099297010195484,1.2686752907554282
1040,-0.5186456741315398,-0.9329896692975259,-0.051918340860762593,0.6518584360865874,-0.5416115693442926,1.9670551645461902
1044,-1.365697351155526,-1.9684811900243344,-0.7294402588859714,0.04920215862387614,-1.2058937685260802,1.3960665553775102
1055,0.31028219530697404,-0.061592582245965276,0.6722254644268087,0.704384023111293,-0.5320296649220179,2.0762596711220134
1056,-0.6983534883524862,-1.1373334752959803,-0.24091536469673747,0.0722777874255923,-1.091120707036291,1.3521143495410795
1060,-0.6903323080136734,-1.1840972379023225,-0.14177271732012442,0.7275677285542584,-0.4578456352933846,2.0611711904460432
1067,1.1617209233839954,0.5588561808377497,1.7049551490418189,-0.5932198761277032,-1.873175786846361,0.7596741124378217
1072,0.1329115134279657,-0.664801514502717,0.8085001156713431,-0.7741312243793019,-1.85451292469056,0.3732039578711084
1076,-1.6809703266615523,-2.4750331600216513,-0.9020703980440814,-0.9847494133099637,-2.302443923975319,0.3341165503325099
1079,-2.47957239470579,-3.4924054764194152,-1.626191887148578,-0.7022583380050942,-2.036957222605906,0.7060231960374552
1093,-0.1048327365146027,-1.2955781831916389,1.0458456158180296,-0.728380385673409,-1.8346622422934789,0.4371068200095096
1094,0.650275292850642,0.011391701309827145,1.199915601097843,-0.17388786878955315,-1.3873630780166681,1.1769084457873729
1095,0.9663480496303651,0.41714698791534405,1.484108716409717,-0.9634533975526818,-2.173610243436568,0.30873631198921975
1104,-0.802680333831336,-1.3287988278950145,-0.28284709566561905,0.43656134962606946,-0.7376470465534412,1.7390848862349966
1105,0.3213239274640042,-0.1661661783117993,0.769276531490827,0.8367089137201953,-0.4200109153880823,2.2268438861214586
1114,1.336441445364167,0.8491875715093464,1.8527419717084994,-0.6715511064498798,-1.9640066259153146,0.7697482770955995
1117,0.15917767408268502,-0.2516218354239028,0.5252017357263278,0.33289744497084917,-0.8076983520881007,1.6100368135727088
1122,-0.5737027609173948,-1.0263259004220116,-0.10111403504041688,-0.07647697350109292,-1.2162253111999155,1.219925217058975
1123,0.262158954917985,-0.2929881102689026,0.7556119521972835,0.348974302245727,-0.82736621817659906,1.6619617671727516
1127,0.33011963271302147,-0.10071898117428506,0.7599017539064089,0.215552894264179,-0.9568283044656555,1.503984551293289
1130,0.14770852816663058,-0.28357376413983293,0.5376383304326128,0.09802814674540566,-1.0507688862842985,1.3753504330307011
1138,-0.8016127190330768,-1.3954892887026604,-0.1512959979152734,1.1749762354426556,-0.10460209479588693,2.531259802210266
1141,-1.7426600556392704,-2.614562706468405,-0.8939762866297033,-0.6213599835052147,-1.8687429814386796,0.7811175491799488
1157,0.4627354648519315,-0.05484169139807823,0.9831361017501743,0.41080451257363126,-0.8205893092616132,1.7536432773418413
1160,-0.8904855845385284,-1.3258115818901084,-0.4814901973267996,0.6399201152377668,-0.5728108798230246,1.9612477915587083
1172,-1.0521438884618135,-1.5788049153868837,-0.5360816494076054,0.014047848490360237,-1.1944271436518723,1.336078166328669
1173,-0.09686864523921188,-0.5675645987830636,0.35166623146947157,0.48349438805371725,-0.6627607810242025,1.761047928917891
1177,-0.058764281050504893,-0.5518897166095454,0.40273385096568476,0.7627996660769618,-0.4057540291082297,2.0107463599509585
1178,1.1374207360349402,0.48319379136724794,1.7746420855934588,-0.45053591851541447,-1.7120910062163637,1.0101434921004973
1179,0.3517121382092341,-0.06294723910881331,0.7747520863498519,0.11570906232040773,-1.062807834958119,1.3951381290679157
1190,0.6890198236351158,0.15035739860112687,1.2381523578967584,0.27044941444841275,-0.9826340016959246,1.6453019523295112
1193,0.43844686555854495,-0.12267717555219707,0.9547577758583762,-0.1333552734358697,-1.291269725933735,1.1529614621642155
1195,0.6570483703416181,0.1872700677672383,1.126630966763479,0.7914476042504468,-0.535764671195102,2.2354768319713454
1202,0.29904468266846307,-0.22070277261918508,0.7527372696638988,-0.5081063419951521,-1.655563968248718,0.726285994451356
1212,-1.3636125730581168,-1.9681022976865876,-0.7719846915502416,0.04286977258859316,-1.220427591440423,1.4409044783000713
1213,-0.30931831851481323,-1.1361798330887563,0.6196751703721537,-0.9641940780722453,-2.022929141332858,0.1438055842382768
1217,-1.4967270208327004,-2.03180153707824,-0.9402298429729863,-0.23246064591196608,-1.4670610301660825,1.141524800553263
1221,0.2950783796804308,-0.05365421890246109,0.6343685451518856,-1.3103990759550324,-2.4610443077355555,-0.1470083266400009
1224,0.11542672266999932,-0.395384914958381,0.5888548477241313,-0.47088103633757195,-1.5718882920204715,0.6956912468030436
1229,-0.05891245664618419,-0.5044487531846711,0.36978068309331236,0.13686723067574585,-0.9809597052180493,1.3447459503397656
1231,0.17796354149880683,-0.2375616457857319,0.5697863683698633,2.2797892326079978e-4,-1.1726436713770818,1.2901274198418768
1242,-0.8469111231321675,-1.3630766462776644,-0.35652662088450504,-0.01594568920554292,-1.1616481003801296,1.2366413698923138
1248,0.01492389913066055,-0.3077562814156926,0.3282477143616965,0.6757725864571619,-0.5047308903422397,1.971328675233114
1250,-1.6781100876731534,-2.2753045419321096,-1.1048518759005947,-0.7041063215762307,-1.956138206573926,0.6085158901424866
1251,-1.8239949240816804,-2.506366126886366,-1.16732034763257,-0.616136967108198,-1.8577310967742684,0.7118347119106013
1255,0.3956641548459391,-0.2983443084331254,0.9639328210961308,0.7287530731840957,-0.528704095366264,2.1313103763525425
1260,-0.9952344527245136,-1.614748173761534,-0.4063823085822266,-0.34328731500362375,-1.5454638187033702,0.9654847695563128
1274,0.2301608674707057,-0.31129084639780674,0.6969644964243011,0.015569152600408542,-1.1793363772756693,1.3227221262518056
1287,-0.31187326399877496,-0.7625644882417284,0.18592573957557645,0.09863106268960248,-1.0524187819979127,1.3795539577225824
1288,0.48617472121159633,0.012432854164529395,0.9596163754314897,1.3214748525306195,0.019676680562697883,2.782020720526068
1294,0.5004839757184295,6.065587506415413e-4,0.9808254932288708,-1.399771479075459,-2.60144428649064,-0.12560629316798055
1296,0.07906256793468752,-0.7010798490598045,0.6897573884628432,0.3854687269420479,-0.7700448051206591,1.695415440621311
1305,1.5691256144806396,1.0214183657060876,2.1992249441164162,-0.9594357028759211,-2.2751602415024106,0.39988068639754154
1308,0.6997158054497623,0.25911949065916234,1.143212700945808,0.4782605231478715,-0.7732200524115201,1.880070367205792
1311,1.008577172657187,0.48158565306029627,1.5255634353397864,-1.1349651743354883,-2.3911458019808447,0.11438411251947145
1313,0.33907986564391523,-0.8412373412978296,1.1382862677103591,-0.7814306186094546,-1.9137943073314025,0.4213848645137086
1329,0.6745367736808023,0.21098124748162211,1.1312819226208992,0.6684947839103218,-0.6447335302481945,2.082235570842256
1330,1.4936028456666803,0.7662939375943367,2.3354496289447204,0.2454899469152832,-1.1296983372734508,1.883967824575948
1355,-1.257057658128412,-1.871519827982609,-0.6585534449222876,-0.2569128894818922,-1.4589118848975506,1.0661227942733096
1363,-1.2788420620849408,-1.8962091521384827,-0.6827069675984262,-0.17287324720760244,-1.3614161444817792,1.1423779162769432
1369,0.022641840893144943,-0.39110624754460055,0.40679923934148904,0.7153762739033291,-0.5530651701852062,2.108093400906237
1375,0.4842529660432541,0.013261710224750296,0.9545741568468313,1.317119298688419,-0.03209821447332962,2.7887471829935313
1396,-0.6812133317213308,-1.18736045742666,-0.14044566798291228,0.7287747118782427,-0.49333193637791245,2.0382321556818526
1401,-0.5227296572527804,-0.9258462280587888,-0.06621545168114829,0.6501064481886916,-0.530103509779495,1.9460085526740245
1408,-0.6842580072790849,-1.1766796377374447,-0.12501036244023608,0.7418296907049786,-0.5014027960465842,2.0563833124234367
1412,1.4322830728088354,0.8211329284764745,2.101415509090955,0.47181339598943817,-0.9249458065340873,2.06245066279501
1420,0.17697196216319955,-0.4835020733211331,0.7557117793619261,-0.34994794943816165,-1.4647467182453235,0.8644948677477895
1424,-0.18668879463325994,-0.4380319634642545,0.07317761626965652,-0.6797853783504373,-1.777548165835286,0.5546924306844061
1430,-0.06351232650226929,-0.5170259609804999,0.36637725375665586,0.597419975822066,-0.5488340698388194,1.8150174924690787
1431,0.5067606931025918,0.030502739462078272,0.9833588087765813,1.1336336501756323,-0.17738481713509102,2.5811914674925487
1443,0.754944087253111,0.24963290937432916,1.2501190930862043,0.24630966652539357,-0.9728732516123522,1.6244067024759568
1448,-1.5394584448308755,-2.1259187253956218,-0.9230035760703793,-0.6761823200505609,-1.8419472469900733,0.6055289823140791
1451,1.576758271184504,1.0331762541383867,2.197546888639817,0.5538992183430901,-0.9007739605464264,2.1729119417621003
1459,0.26122147683575647,-0.28983662274140654,0.7543214941165564,0.3467478053146493,-0.8185644258589053,1.6516075790530687
1461,0.20883730496794423,-0.15349361406290146,0.5498171876203823,0.1710570057514269,-0.9930686587904498,1.425395938726697
1463,0.9965276450274123,0.35323777022274355,1.6040915037405505,-0.5609018004673216,-1.7887923848081708,0.7576636635113472
1467,-1.0094201268641276,-1.7131815380587905,-0.3013326951553155,-0.6852425277636529,-1.8047113894983753,0.49433797484282793
1468,-0.6864742997652384,-1.1874165037572346,-0.13136825212539993,0.7222053978207066,-0.5097184820254409,2.0350861316411586
1472,1.0713375255116464,0.44537087621259197,1.6766325748699318,-0.713806056828677,-1.9697468861423844,0.6298529564343581
1475,-0.7611673857512773,-1.23604427744359,-0.2781683051160169,1.094757978067677,-0.15842816921279126,2.455051382109221
1478,-0.6914068592459026,-1.1872530146808253,-0.13301244003757023,0.7445105547488428,-0.4706903307810369,2.058718669538095
1490,0.057121235106559864,-0.6800306306004955,0.672596722936061,0.45916403676074957,-0.6946281934482859,1.7339100871669788
1494,0.18127811039477992,-0.8525207115236465,0.9293652706563263,0.4348195637619804,-0.7383399408567635,1.763387197608002
1497,-0.7221994951725758,-1.2116965843949095,-0.2300850652943463,-0.5634116572915452,-1.7208004711971108,0.6229313655705089
1527,-1.6078045287096678,-2.133134759107745,-1.0860142729715194,-0.996834839145978,-2.218971021996732,0.24986009548013854
1528,0.8848400011584949,0.4160474360499842,1.3765827496369407,-1.420549658842985,-2.6651371129892634,-0.1360523160248218
1531,0.4893408049811271,-0.027391908502933437,0.9871722924046096,-0.09469537442713373,-1.2683335426739817,1.2077031350174803
1537,-0.8743103366684353,-1.3068267255506751,-0.45897734956857117,1.1999486441712583,-0.07612326504282751,2.577149383463668
1541,-0.7569570962574933,-1.2295388790226558,-0.28196135743905926,1.0826903937777979,-0.13908655420987048,2.4376407262500317
1545,-1.556920787879036,-2.092618075774262,-1.0299111966545973,-0.5389847571619031,-1.8304070254756781,0.8538649547611014
1554,-0.5173896705875038,-0.9032735234291563,-0.07210829119164724,1.3094270309608753,0.0825095925063522,2.685716009091037
1564,-1.2480451234536107,-1.9137242074621763,-0.5788281885223232,-0.13754844410135722,-1.3560446147101417,1.1818283861621093
1565,1.4697320430724399,0.8500770364888028,2.1436933315403452,-0.05496353580922365,-1.395925481546584,1.5126394815688262
1568,0.9093641260845144,0.3355566276217493,1.4539537299859295,0.04958305100375577,-1.2604914473556397,1.544559153008754
1569,-0.804762290740149,-1.3936414554180376,-0.18467326871419779,1.1631313029189516,-0.10769987389210744,2.5112807742425
1588,-0.487010578554567,-0.8698591763753891,-0.07621859248918085,0.29168092645236704,-0.8423942949879942,1.5376084747892398
1595,0.5509484014182147,0.15840709255902108,0.9650893929214008,0.5915997994616071,-0.6994997941032424,1.9700379158137993
1597,1.4441592260220482,0.9021879874288536,2.0495402856508376,-0.5409052878854461,-1.7929605317694355,0.858811475294719
1600,-0.35225001236024833,-0.769480538891021,0.11935744290796607,-0.20902555046059224,-1.3089266863680873,0.9471952133452419
1601,1.3245556260021836,0.677634776341343,1.9989191657643974,-0.15156303982262204,-1.4499813574587876,1.330088864468467
1602,0.6675010664523127,0.09653126575540942,1.2386322826254994,0.48526237443294806,-0.8260546297132256,1.8993860805578886
1606,-0.9890443942577359,-1.5224418040993735,-0.4673414203698346,-0.14200758594173,-1.3174195466677336,1.1247590498342108
1610,1.6209246427844755,1.0826007126898591,2.2804977983079624,-1.2086371842779517,-2.561430403821626,0.13197273503975965
1617,0.43846658933259036,-0.08779335456534927,0.939940503642182,0.9291291744067316,-0.377319212930909,2.3204748090518734
1618,0.5866111632623607,0.145670096917099,1.04102929715198,1.199964297773758,-0.1445103239536189,2.579479128218176
1626,0.18341960895522486,-0.23681486523361903,0.5491464703449398,0.19957589584893315,-0.9626336726194122,1.471222092778263
1629,0.5435190047708064,0.15684699919415948,0.9189774011934442,-0.3128984488394865,-1.5101071429821051,0.9883548495083982
1634,2.003300987998095,1.2892995963041933,2.9769178790147466,-0.33145440809424886,-1.7145418004933124,1.1957957807909902
1637,0.008755610228006215,-0.4722164408223689,0.4485131116611696,0.11253461262139047,-1.0338500327809752,1.3536819229328492
1647,-2.4747976264645395,-3.488385460657255,-1.6145078795291463,-0.6971665264287135,-2.043749913089075,0.7162639787139028
1649,0.7624517206269983,0.22998654237307778,1.3095674366799344,0.3318969691678607,-0.9589455026660496,1.7173435328449957
1651,1.0902943373071212,0.5667222841037427,1.6125205628668644,-0.6449793748365854,-1.8745962280086987,0.7018518215565317
1657,1.4203020406834985,0.8810181611019335,2.0035352245302844,-0.8914716820361228,-2.180431463008715,0.4284745259038765
1659,-0.9850641906938172,-1.4803553391597994,-0.5245147392537408,1.613664331687132,0.3007590295097627,3.0472209873636107
1660,1.4024273403825527,0.7025694628517722,2.198434344046043,-0.9002829762069716,-2.1527784674146395,0.43667582142101224
1661,1.0537967639255905,0.48383640986497023,1.6198598037621728,-1.2150928984097917,-2.4803649350353907,0.06184777422206839
1665,-1.2772317122485624,-1.8659308812241218,-0.6827811170859122,-0.1672428900858416,-1.40808464777857,1.2109569763163799
1671,-1.2977653467531383,-1.975752625275448,-0.6226328195219241,-0.39261137403956836,-1.6184811329300353,0.9634768777958405
1682,-1.0627148654129355,-1.5708131158431553,-0.566654169050291,-1.0791499992563174,-2.2569063260989783,0.09293854619870286
1689,1.3636289296222812,0.7469800842173849,2.018995653843939,-0.1663466915760805,-1.4652048189420308,1.3255684172958884
1691,1.613538801323179,1.0721526061814775,2.2708605929758323,-0.062408714072418034,-1.4092707915371638,1.4303554440051465
1696,1.4227474751460716,0.8834527554148104,2.0101162393480125,0.1385835557972565,-1.21397993399343,1.690792932371673
1697,0.8367076553476338,0.37428312461973734,1.324996851315439,-0.01827909925087957,-1.285967764811321,1.3968345764777002
1701,-0.0784126424861008,-0.582834557747128,0.43906208620790976,0.2841080396501071,-0.8485683752541818,1.557237398287935
1702,0.33271474302465315,-0.2848307155630077,0.8992212683911487,-0.1161656459655212,-1.272782843456167,1.1383225459025896
1704,1.114896307997154,0.5589930612538515,1.6520825718066248,-0.910589913632508,-2.158450688491481,0.417621317495961
1708,0.178709652042152,-0.7215508786497882,0.8895084751092021,-0.8321459339427577,-1.915411499540448,0.30307178561384485
1712,1.06716145805816,0.4640379362732965,1.640929420573528,0.9645972288580387,-0.49438470185785105,2.5652916040819758
1715,-0.28599100223187274,-0.6496618759331412,0.09829334117541116,0.030809508866619713,-1.0773502362074645,1.2592508416674784
1719,-0.5349138554601667,-1.0032910784623585,-0.002466984752803914,-0.20901876680122286,-1.3221379119286318,1.0208276283578885
1725,0.24814402137288954,-0.0932563846408959,0.5733412158475792,0.08401276755425383,-1.0737814006429076,1.3473232045213626
1731,0.49490684916422295,0.014322637027440022,0.9715533820322584,0.22385436878946086,-1.0047338245793003,1.592871229178889
1740,-0.8551957170393458,-1.367105952654919,-0.3610001836172385,-0.018186340225281865,-1.1738227632266935,1.2333114322560137
1744,0.39162188802897435,-0.30550480011193704,0.9498436503141179,0.7240561863141283,-0.5531562621366412,2.0946048556060552
1750,0.6073484910314655,0.13313204334696893,1.0678506836754198,-1.0151558172375452,-2.174317455836393,0.213743126380563
1753,-1.832664619125424,-2.4370088579912528,-1.248975728398102,-0.23087851618201652,-1.5319779054928588,1.2155404865845472
1755,0.8279134338242092,0.2643225092979589,1.4112799129661977,0.08404940550447075,-1.1248441003371565,1.5230784449584163
1758,0.46154494218911196,-0.056810221066855696,0.9804794933754993,0.4087168578794228,-0.8441245221239093,1.7772866089411656
1768,0.8290019595931446,0.39110077878366833,1.2546204808632648,0.29536038973072587,-0.9914629605845618,1.698632942013168
1773,-0.48932575526621214,-0.8766007714490196,-0.06502614062141954,0.3036460942433226,-0.8163504535678646,1.535845587173862
1778,0.7268921875125554,0.2322202314463367,1.1992909137463692,-0.32657175398637317,-1.51876003426207,0.9634910425401128
1782,-0.93051012162375,-1.3897200674134973,-0.4882107773445158,0.5311160805050184,-0.6874650798738577,1.8183298504331307
1783,-0.4030292804679373,-0.7876311955171541,0.0511808954378508,1.056288962561128,-0.19783958358929202,2.4509531498152497
1793,1.3641558476633246,0.6673953424916718,2.1340283322250606,-1.4528367515749059,-2.864907753860889,-0.09111520469072566
1796,-0.25568965000096766,-0.5812092132629917,0.07585976013016202,0.2512354812609961,-0.881564139387121,1.4837195773693466
1808,0.46319085346777156,-0.0533049375428987,0.9818699833947928,0.40689492182095177,-0.7948068255725088,1.7412048224058096
1813,-0.4662282352304421,-0.8445057859873879,-0.05491389730527611,0.1382861792969697,-1.0184068830232045,1.365233354171409
1816,-0.8034796586099009,-1.399343079981949,-0.17885497840392026,1.1802056359658215,-0.12063790496556781,2.59070218239962
1819,1.207590797894579,0.6218280288793895,1.7755331571455475,-0.7058967506812598,-1.988342095381145,0.6622180984059804
1820,0.5870698096381881,0.17031735019020006,1.0174631063346393,-0.05766196576912235,-1.2927225881548703,1.3030555506837431
1861,-2.376180720745648,-3.403290969880133,-1.3076285479963772,0.24269524974841267,-1.1081515173472325,1.8648898469624486
1968,1.2313556298324997,0.7357175378002432,1.778701555128135,-1.9522666198285168,-3.3018730739301,-0.5938966369909127
1970,0.17131834670669166,-0.6477635421577244,0.8237638747705791,0.5967038832559316,-0.6402734188325095,1.9338922415282018
1971,0.6525298861498158,0.20758912461557832,1.0869514361162882,-1.2948395973087818,-2.4292697791669724,-0.10178444679031028
2024,0.057703717466297134,-0.6109434103299447,0.6594611428725878,-0.818512964184446,-1.8652880335344333,0.27475622637822295
2029,0.3293260969008067,-0.2747772161421902,0.890032662388302,-0.12454876651796962,-1.291511587996857,1.1557811943889345
2046,-0.18222706962283897,-0.7048698095330374,0.3672434924104297,-1.5356051620186806,-2.5854014579427216,-0.4806980679329836
2047,-0.33576171706472996,-0.7201221103545652,0.07445708960621031,0.9048474169439393,-0.3147570840392926,2.253991431124019
2049,1.1613981469597459,0.4534091094932152,1.8695607179080789,-1.2868282251840522,-2.5643835021221606,0.05278585215937765
2052,0.4405733274570506,-0.015928399413164623,0.9033885547630097,0.37738730803722564,-0.8217523918770997,1.7178571037336137
2053,1.022320155275098,0.31031135459083303,1.663156294915512,-0.5400033885120058,-1.740393446074742,0.7877191449755033
2056,1.570418178407643,1.0281697060080872,2.2081611760898747,-0.9466714227724521,-2.2460006255827603,0.34186798822665243
2057,1.4090669234698683,0.8707344364000493,1.9899026832836169,-0.8150717602953597,-2.111143984716895,0.5555782459550658
2130,0.2603426540442465,-0.21621736165372052,0.7059718265954458,-0.43329712017194455,-1.5651638962597663,0.7794128782116899
2133,0.250916187312389,-0.28691024265635917,0.7360640237730632,-0.20771287362627028,-1.3376999418971425,1.0349188254358679
2134,-0.042970750965029884,-0.6199583963537497,0.4807282847352923,0.7827280472464704,-0.418304573809987,2.0815237645472044
2141,0.2509294336223795,-0.2475423269099289,0.6845311596067245,-0.22149135337999282,-1.3252415871430763,0.9976386292426829
2277,-1.4088314330910994,-2.0280355659732114,-0.7927696039441934,-0.50588450084993275,-1.6919844342629242,0.8036248492105571
2278,-0.24522342014757478,-0.6668981416046593,0.18959916909916044,0.26093510485577465,-0.8990444382205355,1.5372434125492287
2279,0.45220470871485907,-0.158810110198955,1.0100404850183777,-0.15762511033570203,-1.3241264907934667,1.1474130234464535
2280,1.2503150908780598,0.7870250204454584,1.7332913653581359,-0.8462826106750581,-2.094393527731341,0.4988000617427591
2283,0.3447771321982399,-0.19260593037869206,0.857319241334032,0.33743943049478686,-0.8876118880703083,1.6828374397055805
2347,0.6596906483435434,-0.0038034038674907523,1.2934574189983605,-0.12649536864295963,-1.3416527840797339,1.2148393899957401
2458,-0.16172766401354427,-0.5206369223691732,0.20227769496194486,1.0195710973303913,-0.18503202266350452,2.3186427952318356
2472,-0.8737251529057095,-1.3932874031780402,-0.40467500478944113,0.35125170695821406,-0.8825652208717016,1.6904698924420936
2474,-0.8918455386954405,-1.4689914793290946,-0.33942016717528106,-0.7682321611045655,-1.9358317801914406,0.46031971104779457
2502,0.38442796435148663,-0.3250304519798465,1.0063958400589075,0.07872553179891814,-1.1024072092294486,1.3983209794441456
2509,-0.15952523332464702,-0.5193068467832407,0.20595371273175847,0.3910144290974325,-0.7225105598090386,1.5996044340606042
2515,-1.1211051081603713,-1.7887280670206773,-0.5000319457453788,-0.931793362807996,-2.117190598013112,0.28650296667888964
2516,-0.6629182403804221,-1.6511157987133498,0.65908028379679,-0.7088522989027813,-1.7988451184776357,0.49156927094208003
2517,-0.1634203705939447,-0.5191341610126888,0.19284532517956648,1.0155709512249063,-0.21778153516296395,2.342373405277051
2522,-0.4796400380654853,-0.8174656247002963,-0.11691348588130304,1.258967247651907,-0.025281653427468888,2.6652564740530638
2525,-0.5087521679321843,-1.0502552909101925,0.1425860307452092,0.5064614726149467,-0.7201998337365888,1.8758437236790244
2991,0.8174172281594789,0.23515226322135735,1.3546841932304112,-0.6032144247383315,-1.785421970024627,0.6651944992676307
2992,0.5208333847010722,-0.12857642441858186,1.0999118220937556,-0.4427041446863072,-1.6104305363445748,0.8017012498359907
3098,-0.22906288605644765,-0.5566623833295914,0.1125264289605088,1.0204306539192562,-0.19769412989726423,2.3380015932030007
3114,-0.35620771838145193,-0.7452961382357486,0.09828904630096846,0.8921476110072679,-0.31247642801864084,2.224633833842233
3115,-0.8174422927459466,-1.2871428896092962,-0.35585767830579146,0.9935245427576453,-0.3040586850136623,2.373954244891835
3118,-0.4306352391692376,-0.7789255947348109,-0.04447435971301362,0.2708239159578333,-0.8525607273587801,1.4922170293201176
3133,-0.047151682273608206,-0.5446495797404524,0.4117476849444616,-0.001810411773508551,-1.0772889431050137,1.2060582075719288
3138,1.4346992305650184,0.8079537396029477,2.0971156708146346,0.485093320333583,-0.9905446654377053,2.1424640222089963
3143,-0.9869309948179963,-1.4284569309298547,-0.5653481313732539,-0.21408998684151812,-1.3713654592333182,1.0695493425008096
3156,-1.1743393043671257,-1.778833798477431,-0.5764774699776141,-1.367728327200254,-2.5482469193136,-0.15387263377904667
3187,-0.45355906222129894,-1.0191333869907169,0.276408381664636,-0.07756359904650342,-1.2265317197298853,1.1175413766266817
3188,0.6342727453803492,0.12828903211376716,1.1484234686061865,-1.1963574715660692,-2.387675890711208,-0.004234238080618789
3189,0.5843402244713289,0.08721035760383383,1.085960158159535,0.4315775161695533,-0.8196834817599862,1.8066089664657787
3193,1.0547072125846069,0.5403282404585131,1.5708454518967392,-0.9405922755080627,-2.147375858595992,0.29413334404289015
3201,-0.9883267306796366,-1.4941598087926946,-0.5360539177259894,1.617876058756314,0.32705935725741014,3.0124925456284766
3202,0.22317994440609312,-0.4962885397139083,0.7959925074692313,-0.3776844392478331,-1.5001474860382578,0.7989047361146024
3203,-1.1068023642934368,-1.6633512105946056,-0.5617085827663305,-1.405179609769247,-2.5767437026787023,-0.19141229864456447
3205,-0.7000479416705029,-1.1998288357405047,-0.19485170016537762,-0.6971487572381497,-1.8049317611631515,0.48922531859641677
3207,1.4081648207302166,0.8721199773962841,2.003659097264819,-1.477718495952434,-2.8498106231364306,-0.17238691622939295
3209,0.45111456496740765,-0.2117892394889254,0.9800430903429499,-1.1307597245301864,-2.2815070173823346,0.04920548531165029
3210,0.49483906464794475,0.1281647939539148,0.8687594268955484,0.7614607022391819,-0.5848392128740798,2.2560770772931167
3212,-0.6861126887219724,-1.180011712596094,-0.1091849937283938,0.7293113304520129,-0.45161521485872813,2.0340638360985057
3218,1.2687782238501144,0.8296752285622855,1.7303622753701133,-1.3558425810687464,-2.6736604652507823,-0.029575152496562385
3224,1.4890237123962629,0.7699230087968022,2.3215149301010816,0.24080518262197007,-1.1715123217727956,1.8439349859320928
3225,-1.0705138418404707,-1.536908205772589,-0.6427539556726033,1.0407380085031535,-0.24748382708961494,2.4354344352233857
3229,0.055836937666787934,-0.4026808863067372,0.4662885358932041,0.7867851888833635,-0.4391439868775254,2.1203630982184856
3271,0.5565879731922008,0.04442973092656931,1.0554025333249188,0.10164610910600043,-1.1104436273351683,1.459087471445783
3698,-1.745119046353171,-2.3075720208996344,-1.1740208260979337,0.02410757853123302,-1.2266369435277802,1.4313250968499314
3699,-1.6072073413371673,-2.18134055815454,-1.0262266411272871,-0.9472527401785469,-2.15922356388405,0.34089731638303467
3743,-0.9333508175020738,-1.403015255654524,-0.47791748956871166,0.5240491016943811,-0.7288973751849543,1.8704638086649836
4070,-0.9843242023206953,-1.4941875039809958,-0.523198454426685,1.6153467970898094,0.2568150028876428,3.034839577257499
4094,1.5295948146216858,0.9816807561240535,2.140579596414257,-0.09411644939174585,-1.3903934255417574,1.307294852729777
4363,-1.7263711861248223,-2.211922437130064,-1.2541090766760299,-1.0796341978508237,-2.3384966100386744,0.23264106922802863
4364,0.3876105747208461,-0.19622204410927283,0.9292596407265578,-0.10121952872127335,-1.2710968413980523,1.1721495264608084
4512,-1.6232202268634628,-2.2590956050195388,-0.9803952923684174,-0.7979244908919495,-1.993720620469489,0.48462935367629767
4629,1.1319573702567536,0.6214371501537109,1.64579796474134,-0.17083010122537845,-1.440903033313425,1.2952974562737973
4630,0.004391762548397248,-0.4574922460987883,0.4244784732152482,0.0013710776715544566,-1.0967310157901182,1.1963826929117816
4631,0.8163989401257183,0.2650228511916221,1.3337829602279097,-0.5734782339564167,-1.822293713461344,0.7442000633364871
4713,0.8520331178016332,0.28719906474165663,1.3962770083028513,-1.2100213329147516,-2.3862139838029774,0.017177225110250424
4714,-1.4208592059340357,-2.0249966475111703,-0.8091088433477874,-0.9978680729656713,-2.1944239866763944,0.27883230214225996
4795,0.08927560037278784,-0.3007963855362644,0.4501518832353231,0.14676348867183486,-1.009570982437401,1.388861283108809
4796,0.36730988550558924,-0.18684688930510254,0.8430453153289854,0.8806086755450189,-0.38953074148313277,2.28983752423045
4865,0.6072883801445137,0.166818363440786,1.0481451504502655,-0.9323057413097324,-2.066231610928569,0.2830651654760765
4866,0.16349329070306828,-0.66103391113657,0.8445231570427413,0.59598255047699,-0.6047868066502133,1.9541129134226662
4867,0.19843841182849448,-0.6545560043215589,0.8902068353973922,-1.165685510523525,-2.2809735974318763,-0.04569338704919197
4869,1.0109412397396111,0.5374561177660899,1.45441629403052,-0.3452803953712637,-1.5833482546017519,1.0846734234282212
4871,-1.2738760206350923,-1.8834206205859418,-0.6700082579312014,0.41298239187762575,-0.8510232486784907,1.7789236070963639
4872,0.5071021738554158,0.07823854122963556,0.9510339945864749,0.5143462179529803,-0.7507940699683138,1.9055251653728116
4873,1.3266594360416852,0.7159633051246806,1.9703434967943803,-0.4012811111857689,-1.7114668094946803,1.0813169419581943
4883,1.1442904362449215,0.5006826708758955,1.765211334314733,-0.6259402739013362,-1.8709288343459418,0.7255303288431333
5452,-0.4258332670546843,-0.8989460146801456,0.110558850641488,-0.20570379446733528,-1.3395666554619352,1.014372870959136
5454,0.17470935422720238,-0.30031960898045074,0.5869149360193914,0.7188733484829841,-0.5210412564905234,2.092461822385117
5455,0.26878078403498273,-0.4862351081725048,0.9237449304979775,-0.9175090086204349,-2.0246592635336227,0.22238138349058806
5456,0.490772507322581,-0.2221884977337216,1.0649607064673288,-0.627531462466054,-1.7647726415990346,0.6041268179716632
5458,0.7082092179346192,0.25167932591747483,1.1464096053100108,0.486730318734916,-0.7822534166786169,1.9191511238721304
5549,0.39621051292214116,-0.10986973502156373,0.8809393944634377,1.0931264143695376,-0.22755160441538194,2.4780747420410174
5623,-1.284402071351646,-1.845770718963652,-0.7255215059828292,0.23350420354003998,-1.0747136004713063,1.681031066125442
5649,1.574444924343318,0.754309435074789,2.590877330866716,-0.28988078706663123,-1.6439086035907369,1.2386687468416637
5650,-0.8485957639860382,-1.391859302858082,-0.3557840830259037,0.6521223054987917,-0.6194609462847133,2.0440859404339626
5657,-0.10316982804398941,-1.0489111946756917,0.7977784817782976,-0.2235943410868344,-1.3595606621386667,1.0490105024671241
5662,-0.013011803144066268,-0.44461533888911836,0.3856718642737397,0.24529351592886192,-0.8873440970558506,1.4781644625108088
5668,-1.087630721898793,-1.556578743790728,-0.6437354231422406,0.01607616474620354,-1.1872479718721727,1.3344886861718666
5779,-0.08212278752151736,-0.918781824221724,0.751541269182076,-0.4329836335913382,-1.5485988924797478,0.784423203151523
5850,-0.5148551417404562,-0.9353007106193031,-0.06135791519985737,0.6465553623434931,-0.5016330257813336,1.955059678467925
5854,1.3534869815994983,0.785005024241401,1.938416789257343,-0.5957830491858871,-1.9151765334471336,0.8369486948013096
5855,1.3222510513618997,0.8219926423985705,1.8641813385423398,-1.601617833546988,-2.9181880616959837,-0.2480074356812208
5856,-0.5989619638424473,-1.1270308810453267,0.07900404796306856,0.09117643373280387,-1.0526702668019885,1.292212585007413
5857,-0.055849285696524434,-0.5636818734639509,0.39395972618167624,0.7673734330119741,-0.3996797937353542,2.0226825760443012
5858,-1.4599323141449023,-1.9817672406940252,-0.9420668353108382,-1.3698084679248304,-2.6388894254185,-0.09719627173499765
5859,1.0752562351046944,0.4764757974858209,1.6475429482144015,-0.7313349975867844,-1.9650462547475194,0.5980383436074064
5860,-0.06930136210565083,-0.4901348269831929,0.32054071845701054,0.4288895762173609,-0.7986990072384178,1.735178769755007
5861,-0.05996712519190649,-0.5703079389933976,0.40768708816325366,0.7580838906481642,-0.41165299403929806,2.0508464544601765
5862,1.5373325641982025,0.9899672720619838,2.1477213223597382,-1.2213967763688667,-2.5308277428134045,0.11015880309841256
5863,1.0755911319605984,0.5208824884047689,1.6214804687868916,-1.2342178436778175,-2.466280446018021,0.02099181999377951
5873,-1.0850114149088785,-1.674222316051931,-0.5278511138810095,-0.4131818193803487,-1.6355248109866014,0.8425893360351802
5933,-1.0306703533549548,-1.5410268747937454,-0.5210940110267808,-0.18490308514196355,-1.3998432820770021,1.1323265570743273
5934,-1.2830200178396718,-1.8606461022085485,-0.7000029986631713,-0.3103344798173745,-1.4956599572645235,1.038426622404238
5939,0.6789846670932944,0.27731686830454094,1.0784700443188588,0.6720547718304337,-0.6647667636249116,2.114993669353216
5940,0.6351635441866577,0.0904427175373461,1.1820407135033473,0.052340782237924786,-1.173073833994142,1.4245107954639156
5969,0.113068680845439,-0.2501448454273211,0.4511186687849687,0.4141763304927105,-0.7771725383806294,1.7370198281591327
5976,-0.45143916618036406,-0.942371221431426,0.13004949446044378,0.044633046286608705,-1.114105787433557,1.3184934841712783
6027,0.0624076056792177,-0.39258740471063674,0.47805819696345486,-0.08448359119806331,-1.2194381736210334,1.1568076992579583
6042,-0.8553835126281877,-1.2693530229540748,-0.4623363853718608,-0.6821517985645484,-1.8689313669059913,0.5809218535759405
6108,0.9338351833312266,0.43196590335263774,1.4245206039381595,0.32072301621851285,-0.9796620796778831,1.777194512665377
6115,1.5368603169858215,1.006422842102126,2.1532043403584495,-1.0231792941881168,-2.3669388717962816,0.33612207693471857
6125,1.230308687980716,0.6870136495855754,1.797162573984271,-1.6104398613039297,-2.9529000091492144,-0.2649947169132464
6126,-0.917343128476183,-1.497978654359257,-0.3273265930560463,0.5139327469159943,-0.7530960694933058,1.879911589286766
6131,-1.3040043676169837,-1.879650943825592,-0.7474681748404296,-0.44316625278803234,-1.6362845395004906,0.8738282211824012
6132,-0.23975581018687087,-0.6105308431924925,0.1466701899708515,0.5835230785560832,-0.6005744015838405,1.8543502665683291
6137,-1.0584130198773893,-1.594876796204687,-0.5640206126351596,0.3350821591846035,-0.9267008591871079,1.6713799538608463
6155,-0.12020763234177267,-0.4463673951175342,0.21477024366751582,1.0845523565930675,-0.19475583203489116,2.496919359488813
6202,0.2298071892783126,-0.2020176006577252,0.6423680553664386,0.46900693640061963,-0.7246678184430919,1.8165861717741596
6236,0.4264715837103627,-0.18917560277400816,1.0040100213190168,0.6763155066026103,-0.5739740580280309,2.0615094059804524
6242,-0.2482069353526446,-0.9709548098072862,0.5398000562185913,-0.49894645036930857,-1.5633706601799573,0.6347803259066929
6356,0.8743981377435803,0.3820441073091353,1.363369320491079,-0.2218962430017687,-1.478017362138514,1.1415681078992792
6357,-0.8297892209178639,-1.2794096490928568,-0.3943401403402071,1.5308873572912896,0.19031924844729306,2.998222338165124
6366,1.664693401506052,1.1252236672886589,2.3443128779057223,-0.3346480947642242,-1.7259511446051794,1.1964174851869795
6684,-1.6845908043773163,-2.341102088128837,-1.0347485496793931,-0.6729950358518451,-1.9350397047481331,0.778653127516924
6685,-1.353039064576631,-1.988864455007575,-0.7426327394175404,0.02914054687424859,-1.1855314010978337,1.4011071224446003
6686,0.5522675727556301,0.049722106363883675,1.0620448733684122,0.616877739359381,-0.6727808425444706,2.0161695148505254
6758,0.05678373453769201,-0.4786957978021554,0.556354073686766,-0.2886573567640756,-1.423463121076377,0.9884778346553501
7008,-0.9103979001840642,-1.929310854783524,0.28349476464842854,-0.38184978607805165,-1.5882143952561092,0.891601341227182
7015,-0.3990885607331315,-0.7539552818650385,-0.015621145912931652,0.12331464676770648,-0.962309627764568,1.3074219754271472
7031,-1.3561897170925723,-1.968979365382453,-0.7454324987051973,0.01851213239984265,-1.2284873688715374,1.4243039085924172
7033,-0.9708513067523306,-1.4432196112621896,-0.5331604008774431,1.6141185747125277,0.2972678180090869,3.0534541251632863
7035,-1.245886660780085,-1.781543417978283,-0.7359283887116854,-0.18483338586836626,-1.4309258478742954,1.1820419996815932
7336,-0.14145134102019158,-0.5774640250748047,0.3005167056912404,0.79765354611564,-0.4129880932530754,2.0965215198820553
7337,-0.05435995281968542,-0.5649347383675791,0.4201188576566963,0.7769323553946413,-0.3910044743065329,2.031962021014536
7338,1.2991209573292175,0.538321420428696,2.085216390399817,-0.8168646435614857,-2.077807135325662,0.5165105451479775
7339,1.2994198467118676,0.8728805502226226,1.767462320324878,-1.6259785108893587,-2.953462299640539,-0.34019390784324016
7340,-0.1604551961779755,-0.5157493539598107,0.19748196448708547,1.013917897610029,-0.18537148612152074,2.332515172541737
7341,-0.5699732463841292,-1.3104890347148583,0.26228661067322245,-0.28094604463219375,-1.3801572928491896,0.927443356515192
7342,-0.9509391188087513,-1.4610113910428082,-0.5021026241202846,0.09764140992656609,-1.1560654378791049,1.469730795579909
7344,-0.24275573652825624,-1.0298992550456831,0.6591670266268433,-1.3075435968298856,-2.405071018525816,-0.20142122051687766
7347,1.3826377475680642,0.9384601870880492,1.8767644585632213,-1.8969434015217392,-3.3060926346727375,-0.5129222100079067
7348,-1.1108786627095892,-1.6762040021079665,-0.6036002625255525,1.077504772252666,-0.2847038704160909,2.499781874060662
7349,1.154316696818585,0.6310647430224159,1.7227595245444713,-1.9325390610688897,-3.241524657916918,-0.5531815381373979
7352,-0.601755899859775,-1.0614024874079984,-0.042762754019201335,0.5290523374919518,-0.63844196237108,1.8095134037830216
7353,-0.41788706881761245,-0.7711450065217162,-0.02713363931428021,1.3956622140622938,0.1232354413849304,2.773579099357987
7354,-0.358101495056362,-0.7465787280785297,0.09427618374194531,0.8901787874366307,-0.2840498222051291,2.159876208455565
7355,-0.41414167734757107,-0.7802845579338934,-0.02279766919817197,1.3902618512794525,0.09994189552818333,2.8217827119372396
7357,0.6355056312698572,-0.00809009742529301,1.2324251460248743,0.13226165040281002,-1.1007980317293031,1.4945059287269007
7358,0.10114886579656984,-0.4182411742384934,0.5425107139169053,0.8008985628512961,-0.4048926741847692,2.0752294341982638
7359,-0.4276911199282723,-0.7760333123135748,-0.04359456268832715,0.2714272870917369,-0.8266135611030077,1.4935228569773142
7360,1.1795267018998639,0.6224371468331362,1.7459928746664624,0.33437100596260266,-1.0380449753221785,1.9564779464668947
7361,-0.5015832222809011,-0.8980792825354244,-0.030449618836285063,1.2641474965571042,0.0247506371879824,2.6169102569943576
7422,1.5670152212947133,1.0308309670230376,2.213080428782535,-0.15752251244450122,-1.4665767764314992,1.3997891353181593
7565,0.12310848269552152,-0.31659519080051635,0.5095353535788428,-0.09322064227419578,-1.1894296010628413,1.1049338359692666
7619,1.5237114350784529,0.9780443460286173,2.1258499702089253,-0.11553799539792808,-1.3941145487091644,1.377474076896857
7656,-1.1208917147832436,-1.6862342690192629,-0.5794117849275296,-0.7985083840809633,-1.9849793287298418,0.4893128244934939
7671,-0.826515603831185,-1.2767664143565,-0.3921298695191622,1.5359925636854714,0.1846132330410626,2.998109943107054
7809,-0.5402662222346781,-1.0660664551851995,0.09745842813340017,0.008244941403732848,-1.1139557420987787,1.272037419596587
7864,-0.43022931653734797,-1.1097380070341443,0.37171534756888774,0.183909250251962,-0.9442877308468484,1.459144132078671
7909,-0.5535722931526179,-1.0132195899032743,-0.015067006117485059,0.6690545686833731,-0.47918347680703166,1.9032012889190006
8031,-1.1744656465403165,-1.6917585995154583,-0.6822995154377943,0.023878244147138388,-1.232125986118601,1.4157300024664692
8032,-1.0669679106982743,-1.7073415846782132,-0.44486941090044385,0.3525954006538908,-0.9161905038565455,1.6939343131579252
8036,0.9753103853937375,0.4291583689802991,1.4808892829470357,0.5027680163156952,-0.8157254692289833,1.9353277601563923
8054,-1.0475358447378809,-1.5815698557636677,-0.5383934631161547,0.004697406263877945,-1.180677105249381,1.3249384821194345
8058,0.2398870250726794,-0.09388611162434386,0.5671202456680373,0.3507315482736756,-0.847156933631549,1.6768226524984855
8168,0.5531019192737283,0.05116116644092632,1.0363119329725516,0.6217278981734506,-0.6300878400205776,1.9939039038748048
8176,1.0819656621081486,0.488703639190409,1.6676540173838967,-0.43358117406513164,-1.7220772000319067,0.9638816633009648
8177,0.25452542557393065,-0.338681443797959,0.7476193123459417,0.6676675060813775,-0.5578009377630805,1.999844855491211
8178,-0.2493278284817705,-0.6108463394874815,0.12988369410553222,1.0104086239564432,-0.1676818986874835,2.362882462981678
8182,1.3798830098859596,0.8817986671688676,1.9025363925199108,-1.097899839035823,-2.4235109081186192,0.25019731455785743
8184,-1.203144173978917,-1.7937854216789717,-0.6376412928698221,-0.3745331748839139,-1.5716021608871862,0.9512678510448975
8185,-2.5623287932369414,-3.54633379936891,-1.7314739886821784,-1.0096222054337032,-2.374995988914196,0.41526390575690914
8186,-1.842708058980523,-2.49475627335825,-1.2383920988253363,-0.5285829525648094,-1.869753120958395,0.9265489225367883
8187,0.6412919660691374,0.1393180232483863,1.1496537775763624,-1.2114327382200027,-2.3523593308043793,-0.009270994884933029
8188,1.476597267836215,0.759243682107333,2.2601642352033884,-0.5549374704756076,-1.8518347657069087,0.8985904699057619
8242,-1.425449110777799,-2.0288194733542633,-0.8313759819392564,-0.48610776258327937,-1.7218805931923185,0.8708528461553834
8244,0.9378409015814246,0.056219689956876547,1.6093128611245926,-1.476680006626577,-2.7341837747496793,-0.1684429109649711
8246,-1.046011400755332,-1.575979720883661,-0.5596431155525595,0.023154154276651663,-1.1481353015917133,1.2923826639437699
8247,-1.67265993221201,-2.2068136117502304,-1.140124222948345,-1.0053578451060012,-2.2648297620117743,0.263004762562875
8249,-0.06032067760544242,-0.5668596896689075,0.4120799968870143,0.7547015213898195,-0.41911375710199583,2.0588097706607718
8254,0.6625476475006482,0.1887976279449051,1.169159042103014,0.4749403894687704,-0.7849790009509671,1.904506657632346
8256,-1.0961051603531875,-1.7687900225739344,-0.4076502602560347,-1.087344464515445,-2.262280730231051,0.10609899207557556
8260,1.3069392981953825,0.5493014164688249,2.0669905391500185,-0.8013706500962061,-2.1254036871356687,0.6215919739925101
8262,0.008525150733061052,-0.4291298594678549,0.39840025495001286,-0.25223730357122753,-1.3634719596246356,0.9300045369340553
8264,1.6126856999758497,0.9066735426572622,2.4905648979379915,-0.5123192625239453,-1.818817460344964,0.9320435710985298
8265,-0.36285093694840936,-0.6478033937359602,-0.059146625943445684,0.8810998529496769,-0.3939422153145152,2.24497811900838
8268,-0.06224172582154114,-0.4520337474682466,0.3083949055816118,0.5301025539006166,-0.6430329434227828,1.7900997820393996
8271,-1.0710677565340458,-1.7235293023531455,-0.47865502284000744,0.36365325622053024,-0.893799806515002,1.7305284716262126
8357,-1.5738977079679675,-2.1867597710631284,-0.9826394702625257,-1.5408113760695814,-2.8411602705490395,-0.22472281756049378
8358,-0.16539063137995755,-0.5402100769776977,0.20750217858595726,0.22171423819919858,-0.9118834313643587,1.5087661026423553
8359,-1.257905985449624,-1.812434652296441,-0.7164407827049416,-0.4911532039652296,-1.7249942187991327,0.8428704451473632
8361,-0.9526166572975189,-1.4237214306204247,-0.5192024089469323,-0.007758938510819105,-1.1656593852174626,1.2875410155885343
8393,-0.11396084677412124,-0.4583873387287266,0.22246054928733802,0.2171585256225424,-0.917096968991183,1.473429333924308
8395,-1.1440616021454515,-1.6537905522297416,-0.6619876728142333,0.9011645890435533,-0.4349764808569993,2.2914465316513573
8637,-1.1247649565876157,-1.6804908410817339,-0.6097328215258544,0.5375943056809297,-0.7260974922597736,1.9078633670151062
8641,-0.22231653826460113,-0.5641256805871575,0.11997015367899032,0.3854136309409377,-0.7285345770106746,1.5903906591162793
8642,0.8475833741756573,-0.7688789818933042,1.757545083377712,-0.5473047436268018,-1.7665718216156934,0.8079919572537023
8645,-1.386152398387683,-2.0069894308436487,-0.7682673762053528,0.33316916006046937,-0.976808314935131,1.774897171090159
8647,1.1627007597397991,0.42591427598154846,1.8425548861252479,0.03056289675015539,-1.2862194065185153,1.5678581869757702
8648,-0.376522843844888,-0.9772628641956258,0.32186132683666313,-0.6369676794459038,-1.7099526493304182,0.5144812372928275
8651,0.11278678438758064,-0.33674425847851536,0.5105229543234383,0.4429558074662163,-0.7147654533803606,1.6831738849484859
8653,-1.7025931397885696,-2.3207588852530563,-1.0837739771665589,-0.27085612149031674,-1.5276565500932353,1.1137974844561533
8666,0.24806244540978192,-0.46333979983317564,0.8295941431168573,1.016918170336059,-0.2574629228587203,2.431087971410726
8766,0.5272631995717452,0.08134185604434181,0.9842230565228095,0.3846436829939732,-0.8677124574580019,1.7327572900399166
8921,-0.803912461936865,-1.3970436423705779,-0.1643364428014856,1.1731259761654549,-0.11222879998686941,2.5007972655747617
8922,1.4055872622457486,0.7088250292063291,2.195043258733276,-0.8893552710970181,-2.180383585920729,0.44597471905547387
8923,0.9590340058257396,0.4144588083350558,1.481790478571095,-1.046130244449091,-2.2498526011563875,0.21997501768397257
8980,-1.3149946872340141,-1.8942666025954291,-0.7516427467133121,0.972071290592615,-0.39679184688082236,2.3898151793615154
8981,1.210740879072418,0.6955556702244025,1.7357918109156794,-1.0235816861664129,-2.269425978016415,0.2688236317767181
8982,-0.35360626912310983,-0.7705299599110893,0.11800003357912178,0.7255096289937136,-0.4826833609165491,2.028875282789754
8983,1.2649141842065852,0.8281839705628347,1.7436002526115426,-1.954405216777738,-3.350894611934393,-0.5743353725034407
8990,-0.24250759124548135,-0.6146024658650044,0.14290781478040232,0.39075147391232,-0.773221597415313,1.6475252381983987
8991,-0.36743357303498536,-0.7402248972863347,0.027824102320782078,0.6081291516462008,-0.5913123282068369,1.9074521777306692
8992,0.1059814422914282,-0.4393324623139527,0.609334792741295,-0.829630578732359,-1.884307715154275,0.27421583472118327
8994,-0.05036388643432815,-0.7717265896517678,0.6272046742230923,0.38076387137946,-0.7722203393084115,1.623600168110346
8995,0.3836464666531034,-0.05357235049410141,0.7987587186803196,0.3590328681129573,-0.8976941282686046,1.7449464980126632
9002,-0.030660417485086897,-0.51189432381928,0.42722123547888596,-0.8244911479887762,-1.9191402781226543,0.30964976499170516
9003,1.2559445962465285,0.6297181891988375,1.8903643475581837,-0.6018198521093021,-1.8708561368168177,0.766361557467945
9010,0.3126754579049423,-0.25335297886243263,0.7885422894388446,-0.9938692505997072,-2.0950965115820233,0.1466486598202133
9011,1.1657786674046968,0.6814258922812078,1.6760175222766283,-1.2606560142018153,-2.5454229190000595,0.04817560029322572
9012,1.4194674076928,0.831432408760623,2.092036113923196,-0.9915671206759138,-2.268537963817698,0.30940097251871657
